datetime,close,SMA_5,SMA_20,Return,Volatility,Momentum,Target,Strategy_Return,Cumulative_Strategy,Cumulative_BuyHold,Simulated_Balance,Prediction,Actual
2025-03-20 08:00:00,86255.0,85870.66,85511.91,0.0047912659869040475,0.004542978559674851,88.19999999999709,0,0.0,1.0,1.004791265986904,1000.0,0,0
2025-03-20 09:00:00,85854.7,85911.35999999999,85598.05,-0.004640890383166174,0.0038302183935162463,-992.4000000000087,0,-0.0,1.0,1.000128139863496,1000.0,0,0
2025-03-20 10:00:00,85234.9,85796.1,85643.765,-0.007219173790136146,0.0036776574986049746,-916.5,1,-0.007219173790136146,0.9927808262098639,0.9929080410094159,992.7808262098639,1,1
2025-03-20 11:00:00,85471.9,85732.04,85680.82999999999,0.0027805511592082777,0.0037536238594434368,-380.70000000001164,0,0.0,0.9927808262098639,0.9956688726138319,992.7808262098639,0,0
2025-03-20 12:00:00,85351.0,85633.5,85719.045,-0.001414499970165517,0.003645154779749167,-689.1999999999971,1,-0.001414499970165517,0.9913765377608091,0.9942604990232249,991.3765377608091,1,1
2025-03-20 13:00:00,85465.0,85475.5,85784.43,0.0013356609764385574,0.0037076911925444135,-523.0,1,0.0013356609764385574,0.992700680715253,0.9955884939721845,992.7006807152529,1,1
2025-03-20 14:00:00,86133.9,85531.34,85809.61000000002,0.007826595682443038,0.004346455164838414,482.6999999999971,0,0.0,0.992700680715253,1.0033805625805972,992.7006807152529,0,0
2025-03-20 15:00:00,84674.1,85419.18000000001,85771.9,-0.01694803091465713,0.006990797593682064,-1137.0999999999913,0,-0.0,0.992700680715253,0.9863752377868151,992.7006807152529,0,0
2025-03-20 16:00:00,83769.8,85078.76,85692.495,-0.010679771027976681,0.0075681419333494745,-2022.3999999999942,1,-0.010679771027976681,0.9820988647458975,0.9758409760995859,982.0988647458975,1,1
2025-03-20 17:00:00,83992.7,84807.1,85617.37,0.0026608634615337134,0.007684753553954964,-1851.0,1,0.0026608634615337134,0.9847120957307136,0.9784375556971566,984.7120957307136,1,1
2025-03-20 18:00:00,84026.9,84519.48000000001,85510.375,0.00040717824287117566,0.0073630336854373524,-2228.100000000006,1,0.00040717824287117566,0.9851130490715873,0.9788359541818445,985.1130490715873,1,1
2025-03-20 19:00:00,84165.0,84125.7,85376.26999999999,0.0016435213009167171,0.007436284100533729,-1689.699999999997,1,0.0016435213009167171,0.9867321033515474,0.9804446919226455,986.7321033515474,1,1
2025-03-20 20:00:00,84544.6,84099.8,85295.93,0.004510188320560937,0.0074397445636547755,-690.2999999999884,0,0.0,0.9867321033515474,0.984866682121111,986.7321033515474,0,0
2025-03-20 21:00:00,84359.0,84217.63999999998,85221.25,-0.0021952910061672215,0.007340303119322089,-1112.8999999999942,0,-0.0,0.9867321033515474,0.9827046131515768,986.7321033515474,0,0
2025-03-20 22:00:00,84135.5,84246.2,85126.015,-0.002649391291978276,0.007353093538313,-1215.5,1,-0.002649391291978276,0.9841178639094124,0.9801010441069061,984.1178639094123,1,1
2025-03-20 23:00:00,84219.5,84284.72,85037.59,0.0009983895026475231,0.007339867915621044,-1245.5,1,0.0009983895026475231,0.9851003968541074,0.9810795667008764,985.1003968541074,1,1
2025-03-21 00:00:00,84485.0,84348.72,84979.28,0.0031524765642161334,0.006813998549354983,-1648.8999999999942,1,0.0031524765642161334,0.98820590276859,0.9841723970425322,988.20590276859,1,1
2025-03-21 01:00:00,84747.7,84389.34,84926.105,0.0031094277090606415,0.004430911218418724,73.59999999999127,0,0.0,0.98820590276859,0.9872326099643889,988.20590276859,0,0
2025-03-21 02:00:00,84659.9,84449.51999999999,84869.49,-0.0010360163166670544,0.002416734070212335,890.0999999999913,0,-0.0,0.98820590276859,0.98620982087212,988.20590276859,0,0
2025-03-21 03:00:00,84459.6,84514.34,84800.285,-0.002365937120171302,0.002565025334930499,466.90000000000873,1,-0.002365937120171302,0.9858678697408574,0.9838765104486411,985.8678697408574,1,1
2025-03-21 04:00:00,84691.4,84608.72,84722.10500000001,0.002744507433139587,0.002654733740590273,664.5,0,0.0,0.9858678697408574,0.9865767668448588,985.8678697408574,0,0
2025-03-21 05:00:00,84433.2,84598.35999999999,84651.03,-0.0030487156901408685,0.002891465910302547,268.1999999999971,0,-0.0,0.9858678697408574,0.9835689747762505,985.8678697408574,0,0
2025-03-21 06:00:00,84145.4,84477.9,84596.555,-0.003408611778305204,0.0026946532691757862,-399.20000000001164,0,-0.0,0.9858678697408574,0.9802163699840526,985.8678697408574,0,0
2025-03-21 07:00:00,83944.9,84334.9,84520.205,-0.0023827802827011135,0.0027086081239915847,-414.1000000000058,1,-0.0023827802827011135,0.9835187632194903,0.9778807297448737,983.5187632194903,1,1
2025-03-21 08:00:00,83977.4,84238.45999999999,84451.525,0.0003871587195887205,0.0026077936178071737,-158.10000000000582,1,0.0003871587195887205,0.9838995410845498,0.9782593247961122,983.8995410845498,1,1
2025-03-21 09:00:00,84100.6,84120.3,84383.30500000001,0.0014670613760370266,0.0026354891642073465,-118.89999999999418,1,0.0014670613760370266,0.9853429820991755,0.9796944912672687,985.3429820991755,1,1
2025-03-21 10:00:00,84179.4,84069.54000000001,84285.58,0.0009369731012618399,0.0024117554795748115,-305.6000000000058,0,0.0,0.9853429820991755,0.9806124386530405,985.3429820991755,0,0
2025-03-21 11:00:00,84054.9,84051.43999999999,84254.62,-0.0014789841695236339,0.002093952660409807,-692.8000000000029,0,-0.0,0.9853429820991755,0.9791621283798346,985.3429820991755,0,0
2025-03-21 12:00:00,83455.8,83953.62,84238.92,-0.007127484536891826,0.0028964862572886567,-1204.0999999999913,1,-0.007127484536891826,0.9783199652307287,0.9721831654506973,978.3199652307287,1,1
2025-03-21 13:00:00,84007.4,83959.62,84239.655,0.006609486698347933,0.0038175998252460235,-452.20000000001164,1,0.006609486698347933,0.9847861580276495,0.9786087971511015,984.7861580276494,1,1
2025-03-21 14:00:00,84103.2,83960.14,84243.47,0.0011403757288048766,0.00369649387115594,-588.1999999999971,0,0.0,0.9847861580276495,0.9797247788713676,984.7861580276494,0,0
2025-03-21 15:00:00,83597.9,83843.84,84215.11499999999,-0.006008094816844056,0.004011319194202735,-835.3000000000029,1,-0.006008094816844056,0.9788694694159038,0.9738384995054968,978.8694694159038,1,1
2025-03-21 16:00:00,84105.4,83853.93999999999,84193.155,0.006070726657009251,0.004469252763077859,-40.0,0,0.0,0.9788694694159038,0.9797504068440668,978.8694694159038,0,0
2025-03-21 17:00:00,84043.2,83971.42,84177.365,-0.0007395482335259551,0.004403205452480458,98.30000000000291,1,-0.0007395482335259551,0.9781455482289447,0.9790258341613889,978.1455482289447,1,1
2025-03-21 18:00:00,84103.1,83990.56,84175.745,0.0007127286919108577,0.004406555256945917,125.70000000001164,0,0.0,0.9781455482289447,0.9797236139635177,978.1455482289447,0,0
2025-03-21 19:00:00,84010.2,83971.95999999999,84165.28,-0.0011045966201008728,0.0043967209478124976,-90.40000000000873,1,-0.0011045966201008728,0.9770650919624043,0.9786414145709006,977.0650919624043,1,1
2025-03-21 20:00:00,84207.9,84093.96,84151.425,0.002353285672453964,0.004456204391335205,28.5,1,0.002353285672453964,0.9793644052443744,0.9809444373902804,979.3644052443744,1,1
2025-03-21 21:00:00,84320.3,84136.94,84130.05500000001,0.0013347916288140027,0.0044382373769969365,265.40000000000873,0,0.0,0.9793644052443744,0.9822537938136405,979.3644052443744,0,0
2025-03-21 22:00:00,84169.4,84162.18,84105.53,-0.001789604638503528,0.003702449368457226,713.5999999999913,0,-0.0,0.9793644052443744,0.980495947868044,979.3644052443744,0,0
2025-03-21 23:00:00,84082.4,84158.04000000001,84086.67,-0.0010336297989530507,0.0031274667829099224,75.0,1,-0.0010336297989530507,0.9783521050110798,0.9794824780385748,978.3521050110799,1,1
2025-03-22 00:00:00,84192.6,84194.51999999999,84061.73,0.001310619106971389,0.0031342537534125746,89.40000000000873,0,0.0,0.9783521050110798,0.9807662064892358,978.3521050110799,0,0
2025-03-22 01:00:00,84065.3,84166.0,84043.33499999999,-0.001512009368994427,0.002394072922645396,467.40000000000873,1,-0.001512009368994427,0.9768728274621277,0.979283278796231,976.8728274621277,1,1
2025-03-22 02:00:00,84233.2,84148.57999999999,84047.725,0.001997256894342714,0.0015500824712935946,127.80000000000291,1,0.001997256894342714,0.9788238934516724,0.9812391590763213,978.8238934516725,1,1
2025-03-22 03:00:00,84296.1,84173.92000000001,84065.285,0.0007467364412132582,0.0015260692961755824,252.90000000000873,1,0.0007467364412132582,0.9795548169224431,0.981971886113949,979.554816922443,1,1
2025-03-22 04:00:00,84372.2,84231.88,84085.025,0.0009027701162922508,0.0015329264185729213,269.09999999999127,0,0.0,0.9795548169224431,0.9828583809877719,979.554816922443,0,0
2025-03-22 05:00:00,84303.0,84253.96,84095.14499999999,-0.0008201753658194644,0.00150594694370878,292.8000000000029,1,-0.0008201753658194644,0.9787514101921335,0.9820522647555965,978.7514101921336,1,1
2025-03-22 06:00:00,84367.2,84314.34,84104.535,0.0007615387352761793,0.0013462111460784021,159.3000000000029,0,0.0,0.9787514101921335,0.9828001355952736,978.7514101921336,0,0
2025-03-22 07:00:00,84233.5,84314.4,84113.465,-0.0015847390929175642,0.0013862959748897554,-86.80000000000291,0,-0.0,0.9787514101921335,0.9812426537998711,978.7514101921336,0,0
2025-03-22 08:00:00,84232.8,84301.73999999999,84152.315,-8.31023286451682e-06,0.001253451095199363,63.40000000000873,1,-8.31023286451682e-06,0.9787432765399984,0.9812344994449214,978.7432765399984,1,1
2025-03-22 09:00:00,84363.3,84299.96,84170.11,0.001549277716044184,0.0012654535848043978,280.90000000000873,1,0.001549277716044184,0.9802596216880699,0.9827547041891251,980.25962168807,1,1
2025-03-22 10:00:00,84429.4,84325.24,84186.42,0.0007835160549669595,0.0012307704716634335,236.79999999998836,0,0.0,0.9802596216880699,0.9835247082779516,980.25962168807,0,0
2025-03-22 11:00:00,84245.2,84300.84,84218.785,-0.0021817044773502214,0.0013515065796581207,179.89999999999418,1,-0.0021817044773502214,0.9781209848824675,0.981378948018317,978.1209848824675,1,1
2025-03-22 12:00:00,84252.7,84304.68000000001,84226.15,8.902584360881427e-05,0.0011978203658543878,19.5,0,0.0,0.9781209848824675,0.9814663161070643,978.1209848824675,0,0
2025-03-22 13:00:00,84176.9,84293.49999999999,84232.83499999999,-0.0008996744317986138,0.0012005573960730536,-119.20000000001164,0,-0.0,0.9781209848824675,0.9805833159567912,978.1209848824675,0,0
2025-03-22 14:00:00,84021.3,84225.1,84228.74500000001,-0.0018484881244140716,0.0012490885147781764,-350.8999999999942,1,-0.0018484881244140716,0.976312939857672,0.9787707193422465,976.312939857672,1,1
2025-03-22 15:00:00,84123.9,84164.0,84234.43000000001,0.0012211189305568748,0.0013392370395887716,-179.10000000000582,1,0.0012211189305568748,0.9775051340706798,0.97996591479631,977.5051340706799,1,1
2025-03-22 16:00:00,84149.3,84144.81999999999,84231.5,0.00030193559737501374,0.0013096808236884596,-217.89999999999418,1,0.00030193559737501374,0.9778002776672726,0.9802618013902011,977.8002776672727,1,1
2025-03-22 17:00:00,84263.7,84147.01999999999,84228.67,0.0013594884330587753,0.0013091730445643737,30.19999999999709,1,0.0013594884330587753,0.979129585834603,0.9815944559705605,979.129585834603,1,1
2025-03-22 18:00:00,84264.8,84164.6,84233.44,1.3054257052669271e-05,0.0013091090092361964,32.0,0,0.0,0.979129585834603,0.9816072699569102,979.129585834603,0,0
2025-03-22 19:00:00,84212.0,84202.73999999999,84239.92000000001,-0.0006265961587756941,0.001206992040479612,-151.3000000000029,0,-0.0,0.979129585834603,0.9809921986121288,979.129585834603,0,0
2025-03-22 20:00:00,84000.0,84177.95999999999,84230.29000000001,-0.0025174559445210187,0.001356665517694478,-429.3999999999942,1,-0.0025174559445210187,0.9766646702382873,0.978522593970204,976.6646702382873,1,1
2025-03-22 21:00:00,84029.2,84153.94,84228.485,0.00034761904761904105,0.0012409953006538076,-216.0,0,0.0,0.9766646702382873,0.9788627470623936,976.6646702382873,0,0
2025-03-22 22:00:00,83969.5,84095.1,84215.3,-0.000710467313743246,0.0012420505979593498,-283.1999999999971,0,-0.0,0.9766646702382873,0.9781672970759648,976.6646702382873,0,0
2025-03-22 23:00:00,83840.5,84010.24,84192.51999999999,-0.0015362720987978085,0.0012895595201466202,-336.3999999999942,1,-0.0015362720987978085,0.9751642475555187,0.9766645659495106,975.1642475555186,1,1
2025-03-23 00:00:00,84016.2,83971.08,84174.72,0.002095645899058196,0.001395949687718381,-5.100000000005821,1,0.002095645899058196,0.9772078465118166,0.9787113090418981,977.2078465118166,1,1
2025-03-23 01:00:00,84066.6,83984.4,84162.9,0.0005998843080263772,0.0013483225878611936,-57.29999999998836,1,0.0005998843080263772,0.9777940581646193,0.9792984225982803,977.7940581646193,1,1
2025-03-23 02:00:00,84245.0,84027.56,84156.79000000001,0.002122126980275141,0.001516127003243019,95.69999999999709,0,0.0,0.9777940581646193,0.981376618202617,977.7940581646193,0,0
2025-03-23 03:00:00,84210.1,84075.68000000001,84155.62,-0.0004142679090746171,0.0014569171097735792,-53.59999999999127,0,-0.0,0.9777940581646193,0.9809700653629795,977.7940581646193,0,0
2025-03-23 04:00:00,84115.4,84130.66,84149.75,-0.0011245681931265628,0.0014942830211384585,-149.40000000000873,1,-0.0011245681931265628,0.9766944620673792,0.979866897629063,976.6944620673792,1,1
2025-03-23 05:00:00,84236.2,84174.66,84143.39499999999,0.001436122279630192,0.0015658917044838116,24.19999999999709,1,0.001436122279630192,0.9780971147447456,0.9812741063118202,978.0971147447456,1,1
2025-03-23 06:00:00,84236.6,84208.66,84133.755,4.748552285160912e-06,0.0012885792990549392,236.60000000000582,1,4.748552285160912e-06,0.978101759290035,0.9812787659432202,978.1017592900349,1,1
2025-03-23 07:00:00,84276.7,84215.0,84135.33,0.00047604010608215397,0.0012899444999362512,247.5,1,0.00047604010608215397,0.9785673749552866,0.9817458939910559,978.5673749552866,1,1
2025-03-23 08:00:00,84315.1,84236.0,84138.45,0.0004556419508596754,0.0012407303627358507,345.6000000000058,1,0.0004556419508596754,0.9790132513030588,0.9821932186054425,979.0132513030588,1,1
2025-03-23 09:00:00,84317.6,84276.44,84145.485,2.9650679415738068e-05,0.001052059141315497,477.1000000000058,1,2.9650679415738068e-05,0.979042279711117,0.9822223413016917,979.042279711117,1,1
2025-03-23 10:00:00,84464.1,84322.02,84167.625,0.0017374782963461843,0.0009990372265622283,447.90000000000873,1,0.0017374782963461843,0.9807433444233203,0.9839289313018897,980.7433444233203,1,1
2025-03-23 11:00:00,84627.2,84400.13999999998,84192.79000000001,0.0019309979032511304,0.0010932783686584831,560.5999999999913,1,0.0019309979032511304,0.9826371577650292,0.9858288960051819,982.6371577650292,1,1
2025-03-23 12:00:00,84723.9,84489.58,84221.51999999999,0.001142658625122861,0.000986976249091323,478.8999999999942,1,0.001142658625122861,0.9837599765887157,0.9869553618960976,983.7599765887157,1,1
2025-03-23 13:00:00,85021.6,84630.88,84259.41500000001,0.003513766481477054,0.0012884600017704746,811.5,0,0.0,0.9837599765887157,0.9904232925654421,983.7599765887157,0,0
2025-03-23 14:00:00,84935.6,84754.48000000001,84292.955,-0.001011507663934763,0.0012684743624872435,820.2000000000116,1,-0.001011507663934763,0.9827648958329239,0.9894214718144727,982.7648958329239,1,1
2025-03-23 15:00:00,85193.1,84900.28,84342.01,0.0030317087299083223,0.0014241976622493926,956.9000000000087,1,0.0030317087299083223,0.9857443527470681,0.9924211095281313,985.7443527470681,1,1
2025-03-23 16:00:00,85280.7,85030.98000000001,84406.045,0.001028252288037379,0.0013700027296518111,1044.0999999999913,0,0.0,0.9857443527470681,0.9934415688047002,985.7443527470681,0,0
2025-03-23 17:00:00,84997.4,85085.68000000001,84454.455,-0.003321970856242973,0.0019896401227697644,720.6999999999971,1,-0.003321970856242973,0.9824697387355362,0.9901413848657508,982.4697387355362,1,1
2025-03-23 18:00:00,85007.8,85082.92000000001,84506.37,0.0001223566838515211,0.001999813705877698,692.6999999999971,1,0.0001223566838515211,0.9825899504747524,0.9902625352821471,982.5899504747524,1,1
2025-03-23 19:00:00,85014.5,85098.7,84565.06999999999,7.881629685746461e-05,0.0019977131338286313,696.8999999999942,1,7.881629685746461e-05,0.9826673945759782,0.9903405841080948,982.6673945759782,1,1
2025-03-23 20:00:00,85176.0,85095.28,84623.06000000001,0.001899675937634182,0.0020065813344784856,711.8999999999942,1,0.001899675937634182,0.9845341441801518,0.9922219102857875,984.5341441801519,1,1
2025-03-23 21:00:00,85188.5,85076.84,84679.155,0.00014675495444715914,0.0019780614230785545,561.3000000000029,1,0.00014675495444715914,0.9846786294436327,0.992367523767033,984.6786294436328,1,1
2025-03-23 22:00:00,85389.3,85155.22,84736.37,0.002357125668370763,0.0020468652202949543,665.4000000000087,1,0.002357125668370763,0.9869996407161904,0.9947066587297618,986.9996407161904,1,1
2025-03-23 23:00:00,86067.8,85367.22,84829.255,0.007945960442350408,0.002973589673564757,1046.199999999997,0,0.0,0.9869996407161904,1.002610558491771,986.9996407161904,0,0
2025-03-24 00:00:00,86005.9,85565.5,84923.78,-0.0007192004443009603,0.002950478979265797,1070.2999999999884,0,-0.0,0.9869996407161904,1.001889480532643,986.9996407161904,0,0
2025-03-24 01:00:00,85563.3,85642.95999999999,84990.135,-0.005146158577492788,0.0034882370937383005,370.1999999999971,1,-0.005146158577492788,0.9819203840491365,0.9967335983887002,981.9203840491365,1,1
2025-03-24 02:00:00,85890.6,85783.38,85072.83499999999,0.003825238157013633,0.0036491453768541663,609.9000000000087,1,0.003825238157013633,0.9856764633693508,1.0005463417816343,985.6764633693508,1,1
2025-03-24 03:00:00,86503.1,86006.14,85184.155,0.007131164527899525,0.0038544187179430575,1505.7000000000116,1,0.007131164527899525,0.9927054844009158,1.007681402362667,992.7054844009158,1,1
2025-03-24 04:00:00,86867.8,86166.14000000001,85311.79000000001,0.004216033876242475,0.0038779881888876527,1860.0,1,0.004216033876242475,0.9968907643522817,1.0119298212914876,996.8907643522817,1,1
2025-03-24 05:00:00,86895.0,86343.96,85440.66,0.00031311947580103805,0.0038646106368032157,1880.5,1,0.00031311947580103805,0.9972029102658466,1.0122466762266777,997.2029102658466,1,1
2025-03-24 06:00:00,87116.5,86654.6,85573.28,0.0025490534553196387,0.003864515873519922,1940.5,0,0.0,0.9972029102658466,1.0148269471143492,997.2029102658466,0,0
2025-03-24 07:00:00,86911.9,86858.86,85687.515,-0.0023485792014142914,0.004090237737733324,1723.3999999999942,1,-0.0023485792014142914,0.9948609002512064,1.0124435456533216,994.8609002512064,1,1
2025-03-24 08:00:00,87450.0,87048.24,85823.82,0.006191327079490883,0.0043004531352291,2060.699999999997,0,0.0,0.9948609002512064,1.0187119147939807,994.8609002512064,0,0
2025-03-24 09:00:00,87159.5,87106.58,85930.715,-0.003321898227558573,0.004158476080811944,1091.699999999997,1,-0.003321898227558573,0.9915560735899946,1.015327857489834,991.5560735899946,1,1
2025-03-24 10:00:00,87804.8,87288.54000000001,86074.17500000002,0.007403667987998963,0.004505789588439866,1798.9000000000087,0,0.0,0.9915560735899946,1.022845007845655,991.5560735899946,0,0
2025-03-24 11:00:00,87686.0,87402.43999999999,86198.82,-0.0013530012026677918,0.003955850030416925,2122.699999999997,0,-0.0,0.9915560735899946,1.0214610973198972,991.5560735899946,0,0
2025-03-24 12:00:00,87264.0,87472.86,86297.98500000002,-0.0048126268731610855,0.004526652961924764,1373.3999999999942,1,-0.0048126268731610855,0.9867840841839893,1.0165451861930468,986.7840841839893,1,1
2025-03-24 13:00:00,87700.0,87522.86,86433.115,0.004996332966630046,0.004280281374681248,1196.8999999999942,1,0.004996332966630046,0.9917143860347436,1.0216241844188922,991.7143860347436,1,1
2025-03-24 14:00:00,87960.5,87683.06,86580.75,0.0029703534777651974,0.004206167037727741,1092.699999999997,1,0.0029703534777651974,0.9946601283102516,1.02465876936805,994.6601283102516,1,1
2025-03-24 15:00:00,88320.7,87786.24,86746.06,0.004095019923715748,0.00428104757355784,1425.699999999997,0,0.0,0.9946601283102516,1.0288547674436221,994.6601283102516,0,0
2025-03-24 16:00:00,87998.5,87848.74,86887.18500000001,-0.0036480689124972487,0.004572934381584259,882.0,1,-0.0036480689124972487,0.9910315396176624,1.0251014343510365,991.0315396176625,1,1
2025-03-24 17:00:00,88418.8,88079.7,87048.70000000001,0.00477621777643944,0.0045452084728884075,1506.9000000000087,1,0.00477621777643944,0.9957649220741964,1.0299975420444376,995.7649220741964,1,1
2025-03-24 18:00:00,88485.2,88236.74,87203.49500000001,0.000750971512845533,0.004269044642995215,1035.199999999997,0,0.0,0.9957649220741964,1.0307710408568138,995.7649220741964,0,0
2025-03-24 19:00:00,88295.9,88303.81999999999,87314.9,-0.002139340816317392,0.004144880341226296,1136.3999999999942,0,-0.0,0.9957649220741964,1.0285658702968308,995.7649220741964,0,0
2025-03-24 20:00:00,87870.7,88213.81999999999,87408.14,-0.004815625640601673,0.003943093728260631,65.89999999999418,1,-0.004815625640601673,0.9909696909834442,1.0236126821187816,990.9696909834443,1,1
2025-03-24 21:00:00,88122.4,88238.6,87536.095,0.0028644360406824276,0.003997717983206462,436.3999999999942,0,0.0,0.9909696909834442,1.0265447551771423,990.9696909834443,0,0
2025-03-24 22:00:00,87404.7,88035.78,87611.8,-0.008144353762494005,0.0045856254849987645,140.6999999999971,1,-0.008144353762494005,0.9828988832521657,1.018184211537947,982.8988832521657,1,1
2025-03-24 23:00:00,87479.4,87834.62,87660.61499999999,0.0008546451163380375,0.004278063729389616,-220.60000000000582,1,0.0008546451163380375,0.9837389129825913,1.0190543977018702,983.7389129825913,1,1
2025-03-25 00:00:00,87623.9,87700.22,87698.42000000001,0.0016518174564525978,0.004187359115745053,-336.6000000000058,0,0.0,0.9837389129825913,1.020737689545069,983.7389129825913,0,0
2025-03-25 01:00:00,87095.1,87545.1,87708.425,-0.00603488317684997,0.004210948945712356,-1225.5999999999913,0,-0.0,0.9837389129825913,1.0145776568344569,983.7389129825913,0,0
2025-03-25 02:00:00,86850.7,87290.76,87695.135,-0.0028061280140904143,0.004168956876493265,-1147.800000000003,0,-0.0,0.9837389129825913,1.0117306220491435,983.7389129825913,0,0
2025-03-25 03:00:00,86528.4,87115.49999999999,87675.95999999999,-0.0037109660601469807,0.003621528424857107,-1890.4000000000087,0,-0.0,0.9837389129825913,1.0079761240487077,983.7389129825913,0,0
2025-03-25 04:00:00,86518.8,86923.38,87629.4,-0.00011094623268192993,0.003554370622925908,-1966.3999999999942,1,-0.00011094623268192993,0.9836297708562532,1.0078642928951111,983.6297708562532,1,1
2025-03-25 05:00:00,86740.1,86746.62,87608.43,0.002557825582416795,0.003865753984895253,-1555.7999999999884,0,0.0,0.9836297708562532,1.0104422339670827,983.6297708562532,0,0
2025-03-25 06:00:00,86578.4,86643.28,87547.11,-0.0018641896885063236,0.0037171522453837242,-1292.300000000003,0,-0.0,0.9836297708562532,1.0085585779736899,983.6297708562532,0,0
2025-03-25 07:00:00,86472.7,86567.68,87486.44499999999,-0.0012208587823290262,0.003398134066035545,-1649.699999999997,1,-0.0012208587823290262,0.9824288978119431,1.0073272703762775,982.4288978119431,1,1
2025-03-25 08:00:00,86699.8,86601.96,87458.235,0.0026262623926396333,0.0028567636699534963,-704.8999999999942,1,0.0026262623926396333,0.985009013879709,1.009972776103547,985.009013879709,1,1
2025-03-25 09:00:00,87255.0,86749.2,87435.985,0.006403705660220638,0.00364523939851424,-224.39999999999418,0,0.0,0.985009013879709,1.0164403444865502,985.009013879709,0,0
2025-03-25 10:00:00,87136.0,86828.38,87394.76,-0.001363818692338592,0.003594736369437424,-487.8999999999942,1,-0.001363818692338592,0.9836656401744578,1.0150541041450925,983.6656401744577,1,1
2025-03-25 11:00:00,87420.0,86996.7,87349.725,0.0032592728608151766,0.003199518281540076,324.8999999999942,0,0.0,0.9836656401744578,1.0183624424389917,983.6656401744577,0,0
2025-03-25 12:00:00,87045.3,87111.22,87302.06499999999,-0.0042862045298558415,0.0033915976579914956,194.60000000000582,1,-0.0042862045298558415,0.9794494480516784,1.0139975327251747,979.4494480516785,1,1
2025-03-25 13:00:00,87652.9,87301.84,87263.76999999999,0.006980273489780586,0.0036840849384468235,1124.5,1,0.006980273489780586,0.9862862730684938,1.0210755128215592,986.2862730684938,1,1
2025-03-25 14:00:00,88032.8,87457.4,87241.15,0.0043341406844497055,0.0037625095373500102,1514.0,0,0.0,0.9862862730684938,1.0255009977435745,986.2862730684938,0,0
2025-03-25 15:00:00,87858.8,87601.95999999999,87219.295,-0.0019765360183930936,0.003923150796071196,1118.699999999997,0,-0.0,0.9862862730684938,1.0234740580846362,986.2862730684938,0,0
2025-03-25 16:00:00,87819.1,87681.78,87216.715,-0.0004518613957850137,0.0038211103283363685,1240.7000000000116,1,-0.0004518613957850137,0.9858406083765014,1.0230115896682004,985.8406083765015,1,1
2025-03-25 17:00:00,87983.8,87869.48000000001,87209.785,0.00187544622980651,0.0037061196715335648,1511.1000000000058,0,0.0,0.9858406083765014,1.024930192897092,985.8406083765015,0,0
2025-03-25 18:00:00,87769.2,87892.74,87228.01,-0.0024390853770808185,0.003911977554931576,1069.3999999999942,1,-0.0024390853770808185,0.9834360589644778,1.022430300651068,983.4360589644779,1,1
2025-03-25 19:00:00,88207.6,87927.70000000001,87264.42000000001,0.004994918490769162,0.003726049198663691,952.6000000000058,0,0.0,0.9834360589644778,1.0275372566653127,983.4360589644779,0,0
2025-03-25 20:00:00,87853.4,87926.62,87275.89499999999,-0.004015527006743347,0.004004262813747533,717.3999999999942,0,-0.0,0.9834360589644778,1.0234111530607382,983.4360589644779,0,0
2025-03-25 21:00:00,87800.0,87922.8,87311.14,-0.0006078307726279375,0.003929350618195082,380.0,0,-0.0,0.9834360589644778,1.0227890922688572,983.4360589644779,0,0
2025-03-25 22:00:00,87510.6,87828.16,87344.13500000001,-0.0032961275626423037,0.0038075983941801683,465.3000000000029,0,-0.0,0.9834360589644778,1.01941784895106,983.4360589644779,0,0
2025-03-25 23:00:00,87491.6,87772.64,87392.295,-0.00021711655502310023,0.0030621880145966997,-161.29999999998836,1,-0.00021711655502310023,0.98322253871527,1.0191965164595667,983.2225387152699,1,1
2025-03-26 00:00:00,87673.0,87665.72,87450.00499999999,0.002073341897965042,0.0027604772461107176,-359.8000000000029,1,0.002073341897965042,0.9852610951998119,1.0213096592994022,985.2610951998118,1,1
2025-03-26 01:00:00,87850.6,87665.16,87505.53,0.002025709169299672,0.0027973647064290035,-8.19999999999709,0,0.0,0.9852610951998119,1.0233785356409393,985.2610951998118,0,0
2025-03-26 02:00:00,87342.2,87573.6,87543.72,-0.005787097640767458,0.003346724086142365,-476.90000000000873,0,-0.0,0.9852610951998119,1.0174561441317196,985.2610951998118,0,0
2025-03-26 03:00:00,87152.5,87501.98000000001,87577.70999999999,-0.002171916896986814,0.003266004761692804,-831.3000000000029,1,-0.002171916896986814,0.9831211899792036,1.015246313940337,983.1211899792036,1,1
2025-03-26 04:00:00,87306.5,87464.96,87608.045,0.00176701758411979,0.003322430598927899,-462.6999999999971,1,0.00176701758411979,0.9848583824092176,1.0170402720292824,984.8583824092176,1,1
2025-03-26 05:00:00,87531.4,87436.64,87621.86499999999,0.0025759823151769723,0.002942331046152855,-676.2000000000116,1,0.0025759823151769723,0.9873953601852575,1.0196601497838527,987.3953601852576,1,1
2025-03-26 06:00:00,87919.7,87450.45999999999,87661.05,0.0044361223515219095,0.00311384979460538,66.30000000000291,1,0.0044361223515219095,0.9917755668123643,1.024183486965265,991.7755668123643,1,1
2025-03-26 07:00:00,88190.2,87620.05999999998,87699.56,0.0030766710987413237,0.00323891833746101,390.1999999999971,0,0.0,0.9917755668123643,1.0273345626994193,991.7755668123643,0,0
2025-03-26 08:00:00,87921.4,87773.84,87743.365,-0.0030479577095867683,0.003207842298412334,410.79999999998836,1,-0.0030479577095867683,0.9887526768273188,1.0242032903987146,988.7526768273189,1,1
2025-03-26 09:00:00,87942.2,87900.98,87757.82999999999,0.00023657494079953878,0.0032001953706321984,450.59999999999127,1,0.00023657494079953878,0.9889865909333047,1.0244455912315074,988.9865909333047,1,1
2025-03-26 10:00:00,88247.1,88044.12,87768.545,0.003467049948716383,0.003304098113028167,574.1000000000058,0,0.0,0.9889865909333047,1.0279973952660493,988.9865909333047,0,0
2025-03-26 11:00:00,87953.0,88050.78,87773.255,-0.0033326874197566747,0.003487044566817442,102.39999999999418,0,-0.0,0.9889865909333047,1.0245714012793035,988.9865909333047,0,0
2025-03-26 12:00:00,87825.9,87977.92,87773.595,-0.001445089991245374,0.002888455200831405,483.6999999999971,0,-0.0,0.9889865909333047,1.0230908034019985,988.9865909333047,0,0
2025-03-26 13:00:00,86933.1,87780.26,87721.06,-0.010165566194026865,0.0044248288464522985,-219.39999999999418,0,-0.0,0.9889865909333047,1.0126905061175153,988.9865909333047,0,0
2025-03-26 14:00:00,86834.3,87558.68000000001,87674.315,-0.0011365061179229308,0.004373227093198105,-472.1999999999971,0,-0.0,0.9889865909333047,1.0115395771617504,988.9865909333047,0,0
2025-03-26 15:00:00,86742.6,87257.78,87601.06499999999,-0.0010560343090230129,0.004234917666173431,-788.7999999999884,0,-0.0,0.9889865909333047,1.010471356663333,988.9865909333047,0,0
2025-03-26 16:00:00,86512.0,86969.58,87533.995,-0.0026584400283137244,0.0038157801028779327,-1407.699999999997,1,-0.0026584400283137244,0.986357429392502,1.0077850791613148,986.357429392502,1,1
2025-03-26 17:00:00,86514.8,86707.36,87469.735,3.2365452191651656e-05,0.003509834502673564,-1675.3999999999942,0,0.0,0.986357429392502,1.0078176965811139,986.357429392502,0,0
2025-03-26 18:00:00,86229.1,86566.56000000001,87405.66,-0.0033023251513035756,0.0035199001778321707,-1692.2999999999884,1,-0.0033023251513035756,0.9831001564452441,1.0044895548537651,983.100156445244,1,1
2025-03-26 19:00:00,86569.0,86513.5,87359.53,0.003941824743618927,0.0039435406798939785,-1373.199999999997,1,0.003941824743618927,0.9869753649673756,1.0084490766357945,986.9753649673756,1,1
2025-03-26 20:00:00,87159.7,86596.92,87333.865,0.00682345874389223,0.00452014520741971,-1087.4000000000087,1,0.00682345874389223,0.9937099506514685,1.0153301873055351,993.7099506514685,1,1
2025-03-26 21:00:00,87185.1,86731.54000000001,87300.59,0.0002914190847376208,0.004477904972588728,-767.8999999999942,0,0.0,0.9937099506514685,1.0156260738994263,993.7099506514685,0,0
2025-03-26 22:00:00,86819.1,86792.4,87274.435,-0.004197965019252181,0.004600305665391813,-1006.7999999999884,1,-0.004197965019252181,0.9895383910393508,1.011362511168556,989.5383910393508,1,1
2025-03-26 23:00:00,86901.2,86926.81999999999,87261.87000000001,0.0009456444492053073,0.0033511223057397844,-31.90000000000873,1,0.0009456444492053073,0.9904741425261128,1.0123189005133768,990.4741425261128,1,1
2025-03-27 00:00:00,87284.2,87069.86,87260.755,0.004407303926758255,0.0035975373180147227,449.8999999999942,1,0.004407303926758255,0.9948394631038207,1.0167804975787411,994.8394631038207,1,1
2025-03-27 01:00:00,87383.0,87114.51999999999,87253.335,0.0011319345311064932,0.003557158767812877,640.3999999999942,1,0.0011319345311064932,0.9959655562450153,1.017931426534506,995.9655562450153,1,1
2025-03-27 02:00:00,87578.0,87193.1,87236.25,0.002231555336850377,0.003368970463610964,1066.0,1,0.002231555336850377,0.9981881084973729,1.0202029968419368,998.1881084973729,1,1
2025-03-27 03:00:00,87648.9,87359.06000000001,87209.185,0.0008095640457648212,0.003347152706895426,1134.0999999999913,0,0.0,0.9981881084973729,1.0210289165075617,998.1881084973729,0,0
2025-03-27 04:00:00,87499.9,87478.8,87188.11000000002,-0.0016999642893407163,0.0031334415314672845,1270.7999999999884,0,-0.0,0.9981881084973729,1.0192932038111147,998.1881084973729,0,0
2025-03-27 05:00:00,87313.5,87484.66,87156.675,-0.0021302881489007053,0.0031887426163919284,744.5,1,-0.0021302881489007053,0.9960616801994674,1.017121815578781,996.0616801994674,1,1
2025-03-27 06:00:00,87367.6,87481.58,87112.7,0.0006196063609866798,0.00240773284764674,207.90000000000873,1,0.0006196063609866798,0.9966788463524541,1.0177520307256118,996.6788463524541,1,1
2025-03-27 07:00:00,87385.4,87443.06,87084.31999999999,0.00020373685439434297,0.0024076880096843343,200.29999999998836,1,0.00020373685439434297,0.9968819065654513,1.0179593843229053,996.8819065654512,1,1
2025-03-27 08:00:00,87399.8,87393.24,87063.015,0.00016478725279056583,0.0018453616457439483,580.6999999999971,1,0.00016478725279056583,0.9970461799961908,1.0181271310533002,997.0461799961909,1,1
2025-03-27 09:00:00,87405.0,87374.26,87086.61,5.9496703653794114e-05,0.001851833571185784,503.8000000000029,0,0.0,0.9970461799961908,1.0181877062614983,997.0461799961909,0,0
2025-03-27 10:00:00,87193.1,87350.18000000001,87104.55,-0.0024243464332703857,0.0015118490373362565,-91.09999999999127,0,-0.0,0.9970461799961908,1.0157192665274235,997.0461799961909,0,0
2025-03-27 11:00:00,86895.8,87255.82,87112.20999999999,-0.0034096734718688237,0.0017611244773914467,-487.1999999999971,0,-0.0,0.9970461799961908,1.012255995489479,997.0461799961909,0,0
2025-03-27 12:00:00,86772.7,87133.28,87125.24500000001,-0.0014166392391807836,0.0014735448332945686,-805.3000000000029,0,-0.0,0.9970461799961908,1.0108219939261727,997.0461799961909,0,0
2025-03-27 13:00:00,86425.8,86938.48000000001,87120.79500000001,-0.00399780115174464,0.0016223986021118657,-1223.0999999999913,1,-0.00399780115174464,0.9930601876294595,1.0067809285946459,993.0601876294595,1,1
2025-03-27 14:00:00,87298.8,86917.24,87174.28,0.01010115035093695,0.003972444168115995,-201.09999999999127,0,0.0,0.9930601876294595,1.0169505741248364,993.0601876294595,0,0
2025-03-27 15:00:00,86990.5,86876.72,87195.35500000001,-0.0035315491163682156,0.004070697703109307,-323.0,0,-0.0,0.9930601876294595,1.0133591632233956,993.0601876294595,0,0
2025-03-27 16:00:00,86821.0,86861.76,87178.42000000001,-0.001948488628068623,0.0040828004159830025,-546.6000000000058,1,-0.001948488628068623,0.9911252211468757,1.0113846444177057,991.1252211468758,1,1
2025-03-27 17:00:00,86888.9,86885.0,87163.61,0.0007820688543094256,0.004099824700181552,-496.5,1,0.0007820688543094256,0.9919003493130553,1.0121756168478315,991.9003493130552,1,1
2025-03-27 18:00:00,87237.9,87047.42,87184.55,0.004016623527286045,0.0043490706414292144,-161.90000000000873,0,0.0,0.9919003493130553,1.0162411452442077,991.9003493130552,0,0
2025-03-27 19:00:00,87037.8,86995.22,87191.37999999999,-0.002293727840766313,0.004398244276997344,-367.1999999999971,1,-0.002293727840766313,0.98962519986657,1.0139101646364288,989.62519986657,1,1
2025-03-27 20:00:00,87251.0,87047.31999999999,87189.72,0.002449510442589231,0.004420489581575323,57.89999999999418,1,0.002449510442589231,0.9920492971278927,1.0163937481725531,992.0492971278927,1,1
2025-03-27 21:00:00,87567.6,87196.64,87198.95,0.0036286117064561196,0.0043639424058548185,671.8000000000029,0,0.0,0.9920492971278927,1.0200818464255408,992.0492971278927,0,0
2025-03-27 22:00:00,87349.5,87288.76,87187.525,-0.00249064722568626,0.004436594040269162,576.8000000000029,0,-0.0,0.9920492971278927,1.017541182404768,992.0492971278927,0,0
2025-03-27 23:00:00,87226.4,87286.46,87166.4,-0.0014092811063601829,0.004203267836047791,800.5999999999913,1,-0.0014092811063601829,0.9906512207968724,1.0161071808414615,990.6512207968724,1,1
2025-03-28 00:00:00,87345.0,87347.9,87158.655,0.00135968009685139,0.0027375558324360992,46.19999999999709,0,0.0,0.9906512207968724,1.0174887615515193,990.6512207968724,0,0
2025-03-28 01:00:00,87260.1,87349.72,87155.98500000002,-0.0009720075562423824,0.002471563591647722,269.6000000000058,0,-0.0,0.9906512207968724,1.0164997547868995,990.6512207968724,0,0
2025-03-28 02:00:00,86967.0,87229.6,87135.955,-0.00335892349424316,0.002648799263057651,146.0,0,-0.0,0.9906512207968724,1.0130854098786533,990.6512207968724,0,0
2025-03-28 03:00:00,86793.5,87118.4,87106.36000000002,-0.001995009601343023,0.002722198319159426,-95.39999999999418,0,-0.0,0.9906512207968724,1.0110642947589648,990.6512207968724,0,0
2025-03-28 04:00:00,86254.7,86924.06,87049.10500000001,-0.006207838144561495,0.002914811625375295,-983.1999999999971,0,-0.0,0.9906512207968724,1.004787771263356,990.6512207968724,0,0
2025-03-28 05:00:00,86151.0,86685.26000000001,86986.405,-0.0012022533264853807,0.002886649433617326,-886.8000000000029,0,-0.0,0.9906512207968724,1.0035797618229427,990.6512207968724,0,0
2025-03-28 06:00:00,85752.0,86383.64,86914.35,-0.00463140300170628,0.0028084813669166284,-1499.0,0,-0.0,0.9906512207968724,0.9989317795015843,990.6512207968724,0,0
2025-03-28 07:00:00,85201.4,86030.51999999999,86829.62999999999,-0.006420841496408314,0.0024544810616769193,-2366.2000000000116,1,-0.006420841496408314,0.9842904063299123,0.9925177968796796,984.2904063299122,1,1
2025-03-28 08:00:00,85247.8,85721.38,86753.385,0.0005445919902724583,0.0026662917806066647,-2101.699999999997,0,0.0,0.9842904063299123,0.9930583141220631,984.2904063299122,0,0
2025-03-28 09:00:00,85140.0,85498.43999999999,86689.095,-0.0012645487625487783,0.002672828862603134,-2086.399999999994,0,-0.0,0.9842904063299123,0.9918025434598013,984.2904063299122,0,0
2025-03-28 10:00:00,84949.5,85258.13999999998,86571.62999999999,-0.0022374911909796014,0.0023282445314326203,-2395.5,1,-0.0022374911909796014,0.9820880652163834,0.9895833940056189,982.0880652163834,1,1
2025-03-28 11:00:00,85101.1,85127.95999999999,86477.16,0.0017845896679793416,0.002699039739238781,-2159.0,0,0.0,0.9820880652163834,0.9913493943061653,982.0880652163834,0,0
2025-03-28 12:00:00,85033.1,85094.3,86387.76499999998,-0.0007990496010039649,0.0027296308330863176,-1933.8999999999942,0,-0.0,0.9820880652163834,0.9905572569681894,982.0880652163834,0,0
2025-03-28 13:00:00,85024.9,85049.72,86294.565,-9.643303607664855e-05,0.0028135281940749,-1768.6000000000058,0,-0.0,0.9820880652163834,0.9904617345244923,982.0880652163834,0,0
2025-03-28 14:00:00,84222.0,84866.12,86143.77,-0.009443116075408375,0.0034568364369801726,-2032.699999999997,0,-0.0,0.9820880652163834,0.9811086893971271,982.0880652163834,0,0
2025-03-28 15:00:00,84020.6,84680.34,85992.91,-0.0023912991854858623,0.0034323172778194322,-2130.399999999994,0,-0.0,0.9820880652163834,0.9787625649872987,982.0880652163834,0,0
2025-03-28 16:00:00,83805.5,84421.22,85820.635,-0.0025600864549885083,0.00335062634112833,-1946.5,1,-0.0025600864549885083,0.9795738348630171,0.976256848202025,979.573834863017,1,1
2025-03-28 17:00:00,83998.4,84214.28,85642.175,0.002301758237824414,0.0032901169550213732,-1203.0,0,0.0,0.9795738348630171,0.9785039554446064,979.573834863017,0,0
2025-03-28 18:00:00,83880.8,83985.45999999999,85468.74,-0.0014000266671745365,0.0032180322570940197,-1367.0,0,-0.0,0.9795738348630171,0.9771340238130483,979.573834863017,0,0
2025-03-28 19:00:00,83850.2,83911.1,85299.93000000001,-0.0003648033876644252,0.0032412760622085915,-1289.800000000003,0,-0.0,0.9795738348630171,0.9767775620109591,979.573834863017,0,0
2025-03-28 20:00:00,83759.3,83858.84,85120.645,-0.0010840761262346232,0.0032334434401357385,-1190.199999999997,1,-0.0010840761262346232,0.978511902254758,0.9757186607753414,978.5119022547581,1,1
2025-03-28 21:00:00,84025.3,83902.8,84958.905,0.0031757667506773224,0.003410987478082573,-1075.800000000003,1,0.0031757667506773224,0.9816194278190807,0.9788173156562472,981.6194278190808,1,1
2025-03-28 22:00:00,84449.3,83992.98000000001,84833.01999999999,0.0050460992105949565,0.003957034437420623,-583.8000000000029,0,0.0,0.9816194278190807,0.9837565249400968,981.6194278190808,0,0
2025-03-28 23:00:00,84396.0,84096.02,84713.14499999999,-0.0006311479195210135,0.003951857561933826,-628.8999999999942,1,-0.0006311479195210135,0.9809998807594513,0.9831356290560657,980.9998807594513,1,1
2025-03-29 00:00:00,84407.5,84207.48000000001,84620.785,0.0001362623821035136,0.0025012830477326837,185.5,0,0.0,0.9809998807594513,0.9832695934588117,980.9998807594513,0,0
2025-03-29 01:00:00,84230.0,84301.62000000001,84524.735,-0.0021028937002043335,0.0024692496622987716,209.39999999999418,0,-0.0,0.9809998807594513,0.9812018820251247,980.9998807594513,0,0
2025-03-29 02:00:00,83834.3,84263.42000000001,84428.85,-0.004697851121927998,0.002808906299160282,28.80000000000291,1,-0.004697851121927998,0.9763912893690143,0.9765923416628151,976.3912893690143,1,1
2025-03-29 03:00:00,84204.2,84214.4,84378.99,0.004412275166608248,0.003065474952920158,205.8000000000029,0,0.0,0.9763912893690143,0.9809013357998337,976.3912893690143,0,0
2025-03-29 04:00:00,84003.5,84135.9,84316.775,-0.002383491559803441,0.0031391462914443207,122.69999999999709,1,-0.002383491559803441,0.9740640689717377,0.978563365744955,974.0640689717377,1,1
2025-03-29 05:00:00,84004.5,84055.3,84260.0,1.190426589370297e-05,0.003134530789200425,154.3000000000029,0,0.0,0.9740640689717377,0.9785750148234547,974.0640689717377,0,0
2025-03-29 06:00:00,83785.2,83966.34,84201.785,-0.002610574433512536,0.0032388139151240053,25.89999999999418,0,-0.0,0.9740640689717377,0.9760203719084823,974.0640689717377,0,0
2025-03-29 07:00:00,83700.0,83939.48000000001,84131.73,-0.0010168860371521093,0.0030532092181667714,-325.3000000000029,1,-0.0010168860371521093,0.9730735568207087,0.9750278704203126,973.0735568207087,1,1
2025-03-29 08:00:00,83936.5,83885.93999999999,84076.9,0.002825567502986903,0.0026713020194362048,-512.8000000000029,0,0.0,0.9730735568207087,0.9777828774854788,973.0735568207087,0,0
2025-03-29 09:00:00,83553.4,83795.92,84003.325,-0.004564164576793206,0.002950419027676723,-842.6000000000058,0,-0.0,0.9730735568207087,0.9733201155122646,973.0735568207087,0,0
2025-03-29 10:00:00,82891.6,83573.34,83936.805,-0.007920683060174571,0.0036281986497529966,-1515.8999999999942,0,-0.0,0.9730735568207087,0.9656107553611994,973.0735568207087,0,0
2025-03-29 11:00:00,82269.5,83270.2,83849.25,-0.007504982410763028,0.004054636461861737,-1960.5,1,-0.007504982410763028,0.9657706568923907,0.95836386362657,965.7706568923908,1,1
2025-03-29 12:00:00,82454.1,83021.02,83781.68000000001,0.0022438449243036285,0.004198703771347887,-1380.199999999997,1,0.0022438449243036285,0.9679376964789,0.9605142835176045,967.9376964789001,1,1
2025-03-29 13:00:00,82812.8,82796.28,83722.4,0.004350299136125502,0.004188793999550304,-1391.3999999999942,0,0.0,0.9679376964789,0.9646928079754273,967.9376964789001,0,0
2025-03-29 14:00:00,82522.9,82590.18000000001,83654.50499999999,-0.0035006665636231338,0.004225066090707775,-1480.6000000000058,0,-0.0,0.9679376964789,0.9613157401183801,967.9376964789001,0,0
2025-03-29 15:00:00,82409.1,82493.68000000001,83582.45,-0.001379011159326593,0.004182618474895133,-1595.3999999999942,0,-0.0,0.9679376964789,0.9599900749851205,967.9376964789001,0,0
2025-03-29 16:00:00,82200.1,82479.80000000002,83504.48999999999,-0.002536127684927947,0.004181294512928782,-1585.0999999999913,1,-0.002536127684927947,0.9654828828895745,0.9575554175786947,965.4828828895745,1,1
2025-03-29 17:00:00,82313.2,82451.62,83418.88500000001,0.0013759107349016197,0.004304126084804361,-1386.800000000003,1,0.0013759107349016197,0.966811301152506,0.9588729283570044,966.8113011525061,1,1
2025-03-29 18:00:00,82384.2,82365.9,83315.63,0.0008625591035216207,0.0041174861453175384,-1552.300000000003,1,0.0008625591035216207,0.9676452330417027,0.9597000129304792,967.6452330417027,1,1
2025-03-29 19:00:00,82770.1,82415.34,83234.33499999999,0.004684150601693249,0.004465840670615416,-783.2999999999884,0,0.0,0.9676452330417027,0.9641953923234926,967.6452330417027,0,0
2025-03-29 20:00:00,82504.3,82434.38,83139.175,-0.003211304565295947,0.003853335390516067,-387.3000000000029,1,-0.003211304565295947,0.964537829487249,0.9610990672582869,964.5378294872489,1,1
2025-03-29 21:00:00,82509.1,82496.18000000001,83053.13,5.817878583291858e-05,0.002954723515818314,239.60000000000582,0,0.0,0.964537829487249,0.961154982835085,964.5378294872489,0,0
2025-03-29 22:00:00,82387.3,82511.00000000001,82980.78,-0.0014762008069413302,0.0029159940023342767,-66.80000000000291,1,-0.0014762008069413302,0.9631139779650345,0.9597361250738282,963.1139779650345,1,1
2025-03-29 23:00:00,82636.6,82561.48000000001,82902.4,0.0030259518153890053,0.002715767661846046,-176.1999999999971,1,0.0030259518153890053,0.9660283144550843,0.9626402403437898,966.0283144550843,1,1
2025-03-30 00:00:00,82771.4,82561.74,82840.79500000001,0.0016312384585037698,0.00250117844740571,248.5,1,0.0016312384585037698,0.967604136993627,0.9642105361255419,967.604136993627,1,1
2025-03-30 01:00:00,82913.9,82643.66,82786.265,0.0017216091548530876,0.002461292200223667,504.79999999998836,1,0.0017216091548530876,0.969269973134149,0.9658705298117414,969.2699731341489,1,1
2025-03-30 02:00:00,83330.9,82808.01999999999,82763.55,0.005029313540914071,0.0025468027276033976,1130.7999999999884,0,0.0,0.969269973134149,0.9707281955460935,969.2699731341489,0,0
2025-03-30 03:00:00,83092.4,82949.04,82733.17000000001,-0.002862083572840346,0.002876947967654345,779.1999999999971,1,-0.002862083572840346,0.9664958414663943,0.9679498903239281,966.4958414663944,1,1
2025-03-30 04:00:00,83114.9,83044.7,82692.09,0.0002707828874843887,0.0028849380163430745,730.6999999999971,0,0.0,0.9664958414663943,0.9682119945901702,966.4958414663944,0,0
2025-03-30 05:00:00,82958.8,83082.18,82662.36,-0.0018781229358393325,0.002663105174887275,188.6999999999971,1,-0.0018781229358393325,0.964680643459143,0.9663935734363757,964.680643459143,1,1
2025-03-30 06:00:00,83156.3,83130.66,82675.595,0.0023806998172586358,0.0024375436753394527,652.0,0,0.0,0.964680643459143,0.9686942664400555,964.680643459143,0,0
2025-03-30 07:00:00,83089.0,83082.28,82716.57,-0.000809319317959134,0.0024815276302454082,579.8999999999942,1,-0.000809319317959134,0.9638999087787302,0.9679102834570293,963.8999087787303,1,1
2025-03-30 08:00:00,83391.7,83142.14,82763.45,0.0036430815150019225,0.0025098098884021583,1004.3999999999942,1,0.0036430815150019225,0.967411474718714,0.9714364595188719,967.411474718714,1,1
2025-03-30 09:00:00,83480.8,83215.31999999999,82796.85,0.0010684516564598567,0.002427900192302147,844.1999999999971,0,0.0,0.967411474718714,0.9724743924131903,967.411474718714,0,0
2025-03-30 10:00:00,83137.3,83251.01999999999,82827.57,-0.004114718593976052,0.0029009082262879465,365.90000000000873,0,-0.0,0.967411474718714,0.9684729339485623,967.411474718714,0,0
2025-03-30 11:00:00,83090.4,83237.84,82861.635,-0.0005641270524783248,0.002879109130946211,176.5,0,-0.0,0.967411474718714,0.9679265921669288,967.411474718714,0,0
2025-03-30 12:00:00,83033.3,83226.7,82903.29500000001,-0.0006872033351625895,0.0023330447946335237,-297.59999999999127,0,-0.0,0.967411474718714,0.9672614297845991,967.411474718714,0,0
2025-03-30 13:00:00,82697.2,83087.8,82922.495,-0.004047773604084259,0.0024988396878162593,-395.1999999999971,1,-0.004047773604084259,0.9634956120870594,0.9633461745008681,963.4956120870594,1,1
2025-03-30 14:00:00,82787.9,82949.22,82942.68,0.0010967723211909863,0.002539507981264575,-327.0,0,0.0,0.9634956120870594,0.9644027459207859,963.4956120870594,0,0
2025-03-30 15:00:00,82734.5,82868.65999999999,82940.9,-0.0006450217966634808,0.002488716825389636,-224.3000000000029,0,-0.0,0.9634956120870594,0.9637806851289049,963.4956120870594,0,0
2025-03-30 16:00:00,82296.4,82709.86,82930.505,-0.005295251678562263,0.0027509659019800737,-859.9000000000087,1,-0.005295251678562263,0.958393660329868,0.9586772238382102,958.393660329868,1,1
2025-03-30 17:00:00,82386.8,82580.56,82924.39,0.0010984684627761698,0.002833314916610705,-702.1999999999971,1,0.0010984684627761698,0.959446425540665,0.9597303005345783,959.4464255406649,1,1
2025-03-30 18:00:00,82714.7,82584.06,82940.76,0.003980006505896583,0.002893965763292377,-677.0,0,0.0,0.959446425540665,0.963550033374612,959.4464255406649,0,0
2025-03-30 19:00:00,82584.7,82543.42000000001,82938.16500000001,-0.0015716674303358769,0.002823008332285197,-896.1000000000058,0,-0.0,0.959446425540665,0.962035653169658,959.4464255406649,0,0
2025-03-30 20:00:00,82537.8,82504.07999999999,82926.485,-0.0005679018026341076,0.002613724866243923,-599.5,0,-0.0,0.959446425540665,0.9614893113880246,959.4464255406649,0,0
2025-03-30 21:00:00,82202.4,82485.28,82890.91,-0.004063592681171624,0.0028168563953714,-888.0,1,-0.004063592681171624,0.9555476260678616,0.9575822104592435,955.5476260678616,1,1
2025-03-30 22:00:00,82418.2,82491.56,82845.275,0.002625227487275339,0.0030518695447662525,-615.1000000000058,0,0.0,0.9555476260678616,0.960096081599467,955.5476260678616,0,0
2025-03-30 23:00:00,82348.6,82418.34,82808.08499999999,-0.0008444736720771839,0.0028257283964480497,-348.59999999999127,0,-0.0,0.9555476260678616,0.9592853057358918,955.5476260678616,0,0
2025-03-31 00:00:00,81601.6,82221.72,82732.42000000001,-0.009071192467145717,0.003859936734095269,-1186.2999999999884,1,-0.009071192467145717,0.9468796696402758,0.9505834440966567,946.8796696402758,1,1
2025-03-31 01:00:00,81816.7,82077.5,82675.315,0.0026359777259268302,0.004068412814851574,-917.8000000000029,1,0.0026359777259268302,0.9493756233585805,0.9530891608819303,949.3756233585805,1,1
2025-03-31 02:00:00,81939.2,82024.86,82614.45999999999,0.0014972493390714714,0.0038528586467668747,-357.1999999999971,0,0.0,0.9493756233585805,0.954516172998137,949.3756233585805,0,0
2025-03-31 03:00:00,81527.9,81846.8,82536.405,-0.005019575490119554,0.004063492860409631,-858.9000000000087,1,-0.005019575490119554,0.9446101607486528,0.9497249070112328,944.6101607486528,1,1
2025-03-31 04:00:00,81806.4,81738.36,82457.14,0.003416008507516999,0.00398931227229061,-908.3000000000029,1,0.003416008507516999,0.9478369570940571,0.952969175373384,947.8369570940571,1,1
2025-03-31 05:00:00,82165.3,81851.1,82391.36499999999,0.00438718731052834,0.0043400524369900375,-419.3999999999942,0,0.0,0.9478369570940571,0.9571500296469068,947.8369570940571,0,0
2025-03-31 06:00:00,81981.4,81884.04,82333.56999999999,-0.0022381711014261008,0.004374934230113508,-556.4000000000087,0,-0.0,0.9478369570940571,0.9550077641108219,947.8369570940571,0,0
2025-03-31 07:00:00,81884.0,81873.0,82273.25,-0.001188074368088321,0.004218627231468943,-318.3999999999942,1,-0.001188074368088321,0.9467108563002069,0.9538731438649565,946.710856300207,1,1
2025-03-31 08:00:00,81942.5,81955.92,82218.70999999999,0.000714425284548792,0.00410923974863837,-475.6999999999971,0,0.0,0.9467108563002069,0.9545546149571856,946.710856300207,0,0
2025-03-31 09:00:00,81419.8,81878.6,82154.84,-0.006378863227262999,0.004503893318620407,-928.8000000000029,1,-0.006378863227262999,0.9406719172321029,0.948465641625421,940.6719172321028,1,1
2025-03-31 10:00:00,82133.0,81872.14,82122.095,0.008759540062736493,0.0045376991398682134,531.3999999999942,1,0.008759540062736493,0.9489117705769886,0.956773764411368,948.9117705769886,1,1
2025-03-31 11:00:00,82140.1,81903.88,82092.375,8.644515602740377e-05,0.004485576852627598,323.40000000000873,1,8.644515602740377e-05,0.9489937994030524,0.9568564728687154,948.9937994030524,1,1
2025-03-31 12:00:00,82815.7,82090.22,82118.34,0.008224971725137697,0.00512656402712302,876.5,0,0.0,0.9489937994030524,0.9647265903030756,948.9937994030524,0,0
2025-03-31 13:00:00,82500.7,82201.86,82124.035,-0.003803626607032262,0.004978184002565181,972.8000000000029,1,-0.003803626607032262,0.9453841813377343,0.9610571305756873,945.3841813377343,1,1
2025-03-31 14:00:00,83465.7,82611.04,82161.58499999999,0.01169687045079626,0.005976719238164439,1659.300000000003,0,0.0,0.9453841813377343,0.9722984913278451,945.3841813377343,0,0
2025-03-31 15:00:00,83399.0,82864.23999999999,82202.3,-0.0007991306608582383,0.005974089004816177,1233.699999999997,0,-0.0,0.9453841813377343,0.9715214977919188,945.3841813377343,0,0
2025-03-31 16:00:00,83289.4,83094.1,82239.87999999999,-0.0013141644384225826,0.0059165880524807875,1308.0,0,-0.0,0.9453841813377343,0.9702447587883576,945.3841813377343,0,0
2025-03-31 17:00:00,82676.9,83066.34,82263.60500000001,-0.007353876963935413,0.0065289865493955955,792.8999999999942,1,-0.007353876963935413,0.9384319423845258,0.9631096982073248,938.4319423845258,1,1
2025-03-31 18:00:00,83318.1,83229.81999999999,82308.6,0.007755491558101513,0.006867655171457629,1375.6000000000058,0,0.0,0.9384319423845258,0.9705790873412974,938.4319423845258,0,0
2025-03-31 19:00:00,82395.1,83015.7,82310.925,-0.0110780250629815,0.007602376295658932,975.3000000000029,1,-0.0110780250629815,0.9280359698068876,0.9598269878861247,928.0359698068876,1,1
2025-03-31 20:00:00,82421.8,82820.26000000001,82351.935,0.0003240483960817997,0.00712557531359749,288.8000000000029,1,0.0003240483960817997,0.9283366983744098,0.9601380182820652,928.3366983744098,1,1
2025-03-31 21:00:00,82637.6,82689.9,82392.98,0.00261823934929839,0.007159126582299437,497.5,0,0.0,0.9283366983744098,0.9626518894222887,928.3366983744098,0,0
2025-03-31 22:00:00,82388.5,82632.22,82415.44499999999,-0.0030143663417138145,0.006701390705590468,-427.1999999999971,1,-0.0030143663417138145,0.9255383514770522,0.959750103968027,925.5383514770522,1,1
2025-03-31 23:00:00,82552.7,82479.14,82466.68500000001,0.001992996595398644,0.006633938529596766,52.0,1,0.001992996595398644,0.9273829462604568,0.9616628826576687,927.3829462604568,1,1
2025-04-01 00:00:00,82653.6,82530.84,82509.045,0.0012222495448364068,0.005286485724919957,-812.0999999999913,1,0.0012222495448364068,0.9285164396444127,0.9628382746782832,928.5164396444127,1,1
2025-04-01 01:00:00,82657.6,82578.0,82533.66,4.839474626638918e-05,0.005296219001410056,-741.3999999999942,1,4.839474626638918e-05,0.9285613749619134,0.9628848709922818,928.5613749619134,1,1
2025-04-01 02:00:00,83019.2,82654.32,82585.55,0.004374673351270619,0.0055441170393592904,-270.1999999999971,0,0.0,0.9285613749619134,0.9670971777777534,928.5613749619134,0,0
2025-04-01 03:00:00,82971.1,82770.84,82639.905,-0.0005793840461000288,0.004972322051182486,294.20000000001164,1,-0.0005793840461000288,0.9280233813154357,0.9665368571019206,928.0233813154357,1,1
2025-04-01 04:00:00,83092.9,82878.88,82697.425,0.001467981019897202,0.004284050614885273,-225.20000000001164,0,0.0,0.9280233813154357,0.9679557148631773,928.0233813154357,0,0
2025-04-01 05:00:00,83013.2,82950.8,82777.095,-0.0009591673897528796,0.002066795263960045,618.0999999999913,1,-0.0009591673897528796,0.9271332515511498,0.9670272833067556,927.1332515511498,1,1
2025-04-01 06:00:00,83448.0,83108.88,82842.845,0.005237721229876646,0.002494278628678797,1026.199999999997,1,0.005237721229876646,0.9319893170657239,0.9720923026384013,931.9893170657239,1,1
2025-04-01 07:00:00,83474.4,83199.92,82909.56000000001,0.00031636468219731206,0.0024590157855850026,836.7999999999884,1,0.00031636468219731206,0.9322841655698286,0.9723998383107919,932.2841655698286,1,1
2025-04-01 08:00:00,84124.1,83430.51999999999,82974.98,0.007783224557469159,0.0028368010133421225,1735.6000000000058,1,0.007783224557469159,0.9395403425818314,0.9799682446120115,939.5403425818314,1,1
2025-04-01 09:00:00,84364.0,83684.73999999999,83068.14499999999,0.002851739275665288,0.0028465024347832735,1811.300000000003,0,0.0,0.9395403425818314,0.9827628585440763,939.5403425818314,0,0
2025-04-01 10:00:00,84156.8,83913.46,83102.7,-0.0024560238964487224,0.0031992883610905093,1503.199999999997,0,-0.0,0.9395403425818314,0.9803491694789498,939.5403425818314,0,0
2025-04-01 11:00:00,83958.8,84015.62000000001,83130.69,-0.0023527510551731856,0.0034280016092178415,1301.199999999997,0,-0.0,0.9395403425818314,0.97804265193602,939.5403425818314,0,0
2025-04-01 12:00:00,83641.4,84049.01999999999,83148.29000000001,-0.003780425637336493,0.003649133428389324,622.1999999999971,0,-0.0,0.9395403425818314,0.9743452344202326,939.5403425818314,0,0
2025-04-01 13:00:00,83591.0,83942.4,83193.995,-0.0006025724103134733,0.003650081356810298,619.8999999999942,1,-0.0006025724103134733,0.9389742014930151,0.9737581208638505,938.9742014930151,1,1
2025-04-01 14:00:00,84166.9,83902.98000000001,83236.43500000001,0.006889497673194356,0.004138436259143811,1074.0,1,0.006889497673194356,0.9454432620693908,0.9804668251717961,945.4432620693908,1,1
2025-04-01 15:00:00,85281.3,84127.87999999999,83380.745,0.013240359333657414,0.005493947872464404,2268.100000000006,0,0.0,0.9454432620693908,0.9934485582518009,945.4432620693908,0,0
2025-04-01 16:00:00,85127.1,84361.54000000001,83516.01,-0.0018081337878291803,0.005585190299568567,1679.1000000000058,1,-0.0018081337878291803,0.9437337741627677,0.9916522703471556,943.7337741627678,1,1
2025-04-01 17:00:00,85194.9,84672.24,83643.875,0.0007964561226680988,0.0055710780235341,1720.5,0,0.0,0.9437337741627677,0.9924420778694314,943.7337741627678,0,0
2025-04-01 18:00:00,85116.1,84977.26,83780.255,-0.0009249379951146164,0.005247605381249285,992.0,0,-0.0,0.9437337741627677,0.9915241304836595,943.7337741627678,0,0
2025-04-01 19:00:00,84970.8,85138.04000000001,83901.16,-0.0017070800941303421,0.0052846424117833106,606.8000000000029,1,-0.0017070800941303421,0.942122745022736,0.989831519377661,942.122745022736,1,1
2025-04-01 20:00:00,85214.1,85124.6,84029.185,0.002863336581508058,0.005195337611491882,1057.300000000003,0,0.0,0.942122745022736,0.9926657401766248,942.122745022736,0,0
2025-04-01 21:00:00,85206.7,85140.51999999999,84156.64,-8.684008867088089e-05,0.005068049572055366,1247.8999999999942,0,-0.0,0.942122745022736,0.9925795369957273,942.122745022736,0,0
2025-04-01 22:00:00,85152.0,85131.94,84263.28,-0.0006419682959203366,0.0047953891811160065,1510.6000000000058,1,-0.0006419682959203366,0.9415179320895659,0.9919423324017967,941.5179320895659,1,1
2025-04-01 23:00:00,85191.9,85147.1,84374.31999999999,0.0004685738444192289,0.004747438389707741,1600.8999999999942,0,0.0,0.9415179320895659,0.9924071306339324,941.5179320895659,0,0
2025-04-02 00:00:00,84983.1,85149.56,84468.83,-0.0024509372369907467,0.004574342555700161,816.2000000000116,1,-0.0024509372369907467,0.9392103307305131,0.9899748030432065,939.2103307305131,1,1
2025-04-02 01:00:00,85134.5,85133.63999999998,84574.895,0.0017815306808057763,0.001679939814645667,-146.8000000000029,0,0.0,0.9392103307305131,0.9917384735280527,939.2103307305131,0,0
2025-04-02 02:00:00,84764.2,85045.14,84640.705,-0.004349588004862959,0.002095876152300312,-362.90000000000873,0,-0.0,0.9392103307305131,0.9874248197596339,939.2103307305131,0,0
2025-04-02 03:00:00,84601.2,84934.98000000001,84697.04500000001,-0.0019229816361152618,0.0020961854319265353,-593.6999999999971,1,-0.0019229816361152618,0.9374042465120686,0.9855260199641918,937.4042465120685,1,1
2025-04-02 04:00:00,84603.9,84817.37999999999,84721.035,3.191444092998097e-05,0.00210644289182568,-512.2000000000116,0,0.0,0.9374042465120686,0.9855574724761409,937.4042465120685,0,0
2025-04-02 05:00:00,84154.6,84651.68000000001,84710.565,-0.005310629888220175,0.002573144353502269,-816.1999999999971,1,-0.005310629888220175,0.932426039503197,0.9803235415062503,932.426039503197,1,1
2025-04-02 06:00:00,84198.2,84464.42,84712.635,0.0005180940792302025,0.0022754301095443304,-1015.9000000000087,1,0.0005180940792302025,0.9329091239135837,0.9808314413288347,932.9091239135837,1,1
2025-04-02 07:00:00,84417.5,84395.08,84735.56999999999,0.0026045687437499243,0.002562322796869826,-789.1999999999971,1,0.0026045687437499243,0.9353389498584882,0.983386084243807,935.3389498584881,1,1
2025-04-02 08:00:00,84613.7,84397.57999999999,84784.185,0.0023241626440015928,0.0027628356920457037,-538.3000000000029,1,0.0023241626440015928,0.937512829705229,0.9856716334454375,937.512829705229,1,1
2025-04-02 09:00:00,85006.5,84478.1,84854.95999999999,0.004642274241641653,0.0032240726653057616,-185.39999999999418,0,0.0,0.937512829705229,0.9902473914800981,937.512829705229,0,0
2025-04-02 10:00:00,84858.8,84618.93999999999,84889.555,-0.0017375141900912716,0.003176596908992448,-124.30000000000291,0,-0.0,0.937512829705229,0.9885268225857006,937.512829705229,0,0
2025-04-02 11:00:00,84564.0,84692.1,84853.69,-0.0034740062315281595,0.0032567718239180326,-570.5,1,-0.0034740062315281595,0.9342559042926954,0.9850926742440052,934.2559042926955,1,1
2025-04-02 12:00:00,84994.0,84807.4,84847.035,0.005084906106617382,0.003433301916061193,229.8000000000029,1,0.005084906106617382,0.9390065078455767,0.9901017779988526,939.0065078455767,1,1
2025-04-02 13:00:00,85277.6,84940.18000000001,84851.17000000001,0.0033367061204321313,0.003461746498170927,676.4000000000087,1,0.0033367061204321313,0.9421396966074307,0.993405456661352,942.1396966074307,1,1
2025-04-02 14:00:00,85864.0,85111.68000000001,84888.565,0.006876366126626454,0.003936619924354612,1260.1000000000058,1,0.006876366126626454,0.9486181941037322,1.000236476293544,948.6181941037322,1,1
2025-04-02 15:00:00,86700.3,85479.98,84975.04000000001,0.009739821112456859,0.003926232750029762,2545.699999999997,1,0.009739821112456859,0.9578575656183244,1.0099786006427973,957.8575656183243,1,1
2025-04-02 16:00:00,87089.7,85985.12000000001,85068.82,0.004491333940020992,0.003848383975281724,2891.5,0,0.0,0.9578575656183244,1.0145147518105593,957.8575656183243,0,0
2025-04-02 17:00:00,86616.1,86309.54,85139.29,-0.005438071321866911,0.0047623729005576,2198.600000000006,0,-0.0,0.9578575656183244,1.0089977482331274,957.8575656183243,0,0
2025-04-02 18:00:00,86304.9,86515.0,85196.935,-0.003592865529618794,0.005150122608272177,1691.199999999997,1,-0.003592865529618794,0.9544161121885297,1.0053725550040375,954.4161121885297,1,1
2025-04-02 19:00:00,86934.3,86729.06,85284.05500000001,0.007292749310873425,0.0053653270508649065,1927.800000000003,0,0.0,0.9544161121885297,1.0127044850117144,954.4161121885297,0,0
2025-04-02 20:00:00,85578.3,86504.66,85313.81499999999,-0.01559798606533902,0.00776559258097267,719.5,0,-0.0,0.9544161121885297,0.9969083345661953,954.4161121885297,0,0
2025-04-02 21:00:00,84874.2,86061.56,85300.8,-0.008227553012854938,0.008194804129717518,310.1999999999971,0,-0.0,0.9544161121885297,0.988706218394595,954.4161121885297,0,0
2025-04-02 22:00:00,82788.1,85295.95999999999,85201.995,-0.024578729460778326,0.01114641722791419,-2205.899999999994,0,-0.0,0.9544161121885297,0.964405075736485,954.4161121885297,0,0
2025-04-02 23:00:00,82503.1,84535.6,85097.09,-0.0034425237443546086,0.01095172375780518,-2774.5,1,-0.0034425237443546086,0.9511305120603261,0.9610850883640861,951.130512060326,1,1
2025-04-03 00:00:00,83234.2,83795.58,85028.60500000001,0.008861485204798347,0.011171412141467472,-2629.800000000003,1,0.008861485204798347,0.9595589410207809,0.9696017296551768,959.5589410207808,1,1
2025-04-03 01:00:00,83778.9,83435.7,85009.81999999999,0.006544184962431254,0.010804611109596992,-2921.4000000000087,0,0.0,0.9595589410207809,0.9759469827139335,959.5589410207808,0,0
2025-04-03 02:00:00,83745.8,83210.02,84987.2,-0.00039508754590944495,0.010516284533517354,-3343.899999999994,0,-0.0,0.9595589410207809,0.9755613982155954,959.5589410207808,0,0
2025-04-03 03:00:00,83549.8,83362.36,84943.815,-0.0023404158775723882,0.010510172752905243,-3066.300000000003,1,-0.0023404158775723882,0.9573131740397492,0.9732781788296649,957.3131740397492,1,1
2025-04-03 04:00:00,83580.2,83577.78,84892.14,0.00036385485063994416,0.010582511963470306,-2724.699999999997,0,0.0,0.9573131740397492,0.9736323108160542,957.3131740397492,0,0
2025-04-03 05:00:00,83408.0,83612.54000000001,84812.215,-0.0020602965774190185,0.009951309665789708,-3526.300000000003,0,-0.0,0.9573131740397492,0.9716263394984153,957.3131740397492,0,0
2025-04-03 06:00:00,83032.9,83463.34,84720.92000000001,-0.00449717053520049,0.009108033789155978,-2545.4000000000087,1,-0.00449717053520049,0.9530079734404985,0.9672567701531983,953.0079734404985,1,1
2025-04-03 07:00:00,83451.3,83404.43999999999,84665.285,0.005038966481960783,0.00922376066850441,-1422.8999999999942,1,0.005038966481960783,0.9578101486757066,0.97213074459745,957.8101486757066,1,1
2025-04-03 08:00:00,83608.8,83416.24,84596.025,0.0018873282980613748,0.004502727880201997,820.6999999999971,0,0.0,0.9578101486757066,0.9739654744611442,957.8101486757066,0,0
2025-04-03 09:00:00,83467.6,83393.72,84505.525,-0.0016888174450535587,0.00434192883663449,964.5,0,-0.0,0.9578101486757066,0.9723206245769944,957.8101486757066,0,0
2025-04-03 10:00:00,83222.4,83356.6,84373.44499999999,-0.0029376668312016685,0.003551153336484816,-11.80000000000291,0,-0.0,0.9578101486757066,0.9694642705288813,957.8101486757066,0,0
2025-04-03 11:00:00,83082.0,83366.42000000001,84192.53,-0.0016870457953627183,0.0027203049676664645,-696.8999999999942,0,-0.0,0.9578101486757066,0.9678287399075312,957.8101486757066,0,0
2025-04-03 12:00:00,82044.8,83085.12000000001,83940.285,-0.012484051900531923,0.004565260972448727,-1701.0,1,-0.012484051900531923,0.9458527970687829,0.9557463156876991,945.8527970687829,1,1
2025-04-03 13:00:00,82273.0,82817.95999999999,83723.13,0.0027814072311711513,0.004808699585708789,-1276.800000000003,0,0.0,0.9458527970687829,0.958404635401318,945.8527970687829,0,0
2025-04-03 14:00:00,81528.1,82430.06000000001,83484.29000000001,-0.0090540031359011,0.005294627791121726,-2052.0999999999913,1,-0.0090540031359011,0.9372890428780213,0.9497272368269324,937.2890428780213,1,1
2025-04-03 15:00:00,82068.3,82199.24,83240.98999999999,0.0066259363336076404,0.0060306921782345545,-1339.699999999997,0,0.0,0.9372890428780213,0.9560200690324407,937.2890428780213,0,0
2025-04-03 16:00:00,81834.8,81949.8,83053.815,-0.002845191139575154,0.00596482493272362,-1198.0999999999913,0,-0.0,0.9372890428780213,0.9533000092027736,937.2890428780213,0,0
2025-04-03 17:00:00,81829.1,81906.66,82901.56,-6.965251946600137e-05,0.005553186651896817,-1622.199999999997,1,-6.965251946600137e-05,0.9372237583347169,0.9532336094553256,937.223758334717,1,1
2025-04-03 18:00:00,82030.0,81858.06000000001,82863.655,0.002455116822744019,0.005599458883282631,-1578.800000000003,0,0.0,0.9372237583347169,0.9555739093259045,937.223758334717,0,0
2025-04-03 19:00:00,82003.5,81953.14000000001,82838.675,-0.00032305254175302167,0.0056215345926203565,-1464.1000000000058,1,-0.00032305254175302167,0.9369209858173956,0.9552652087456639,936.9209858173956,1,1
2025-04-03 20:00:00,82330.0,82005.48000000001,82793.465,0.0039815373734048976,0.005879532838521439,-892.3999999999942,1,0.0039815373734048976,0.9406513717383549,0.9590686328757981,940.6513717383549,1,1
2025-04-03 21:00:00,82802.3,82198.98000000001,82744.63500000001,0.0057366695007894375,0.006248899828713367,-279.6999999999971,0,0.0,0.9406513717383549,0.9645704926511806,940.6513717383549,0,0
2025-04-03 22:00:00,82728.2,82378.8,82693.755,-0.0008949026778242164,0.004599073906304419,683.3999999999942,1,-0.0008949026778242164,0.9398095803068872,0.9637072959343568,939.8095803068873,1,1
2025-04-03 23:00:00,83147.5,82602.3,82673.64,0.0050684047277711475,0.004760408968698199,874.5,0,0.0,0.9398095803068872,0.968591754549258,939.8095803068873,0,0
2025-04-04 00:00:00,83010.3,82803.66,82645.145,-0.00165007967768116,0.003389581517910852,1482.199999999997,0,-0.0,0.9398095803068872,0.9669935009791067,939.8095803068873,0,0
2025-04-04 01:00:00,82727.8,82883.22,82611.13500000001,-0.0034031921339882087,0.003288002386568757,659.5,1,-0.0034031921339882087,0.93661122773574,0.9637026363029569,936.61122773574,1,1
2025-04-04 02:00:00,82901.8,82903.12,82604.57999999999,0.0021032832977547766,0.0030405763718232767,1067.0,0,0.0,0.93661122773574,0.9657295759618952,936.61122773574,0,0
2025-04-04 03:00:00,82807.0,82918.88,82572.365,-0.0011435216123172331,0.003112454549444856,977.8999999999942,0,-0.0,0.93661122773574,0.9646252433201289,936.61122773574,0,0
2025-04-04 04:00:00,82716.3,82832.64000000001,82527.74,-0.0010953180286690234,0.0031547045727647357,686.3000000000029,1,-0.0010953180286690234,0.9355853405721473,0.9635686719002111,935.5853405721473,1,1
2025-04-04 05:00:00,83199.9,82870.56,82514.35500000001,0.005846489748695172,0.0034880790921058124,1196.3999999999942,0,0.0,0.9355853405721473,0.9692021662626396,935.5853405721473,0,0
2025-04-04 06:00:00,83077.4,82940.48000000001,82507.10500000001,-0.0014723575388913002,0.0034754873237691536,747.3999999999942,1,-0.0014723575388913002,0.9342078244426797,0.967775154146433,934.2078244426797,1,1
2025-04-04 07:00:00,83988.7,83157.86,82552.44,0.010969288880008365,0.004519960273555436,1186.3999999999942,1,0.010969288880008365,0.9444554199429556,0.9783909593831599,944.4554199429556,1,1
2025-04-04 08:00:00,84385.2,83473.5,82669.45999999999,0.004720873165080519,0.0045474021000852394,1657.0,1,0.004720873165080519,0.9489140741905792,0.9830098190082692,948.9140741905792,1,1
2025-04-04 09:00:00,84566.3,83843.49999999999,82784.125,0.0021461109294047542,0.004420020717375225,1418.800000000003,0,0.0,0.9489140741905792,0.9851194671245551,948.9140741905792,0,0
2025-04-04 10:00:00,82515.4,83706.6,82833.48999999999,-0.024251977442551143,0.009351911900279132,-494.90000000000873,1,-0.024251977442551143,0.92590103146839,0.9612283720296324,925.90103146839,1,1
2025-04-04 11:00:00,82689.6,83629.04,82864.55500000001,0.0021111210755810905,0.009328051978735331,-38.19999999999709,1,0.0021111210755810905,0.9278557206498251,0.9632576415042706,927.8557206498251,1,1
2025-04-04 12:00:00,82872.1,83405.72,82916.42000000001,0.002207049012209472,0.009330717141099315,-29.69999999999709,1,0.002207049012209472,0.9299035437015583,0.9653835983304558,929.9035437015583,1,1
2025-04-04 13:00:00,83388.0,83206.28,82994.365,0.0062252555443869095,0.009519110440500168,581.0,0,0.0,0.9299035437015583,0.9713933579284227,929.9035437015583,0,0
2025-04-04 14:00:00,82577.0,82808.42000000001,83021.715,-0.009725619993284362,0.010078828475704151,-139.3000000000029,1,-0.009725619993284362,0.9208596552051084,0.9619459552652104,920.8596552051084,1,1
2025-04-04 15:00:00,82886.9,82882.72,83065.885,0.0037528609661285905,0.009962132877842257,-313.0,1,0.0037528609661285905,0.9243155134604103,0.9655560046922506,924.3155134604103,1,1
2025-04-04 16:00:00,83386.3,83022.06000000001,83118.7,0.0060250775454264716,0.010147160434978732,308.90000000000873,1,0.0060250775454264716,0.92988458610545,0.9713735544949735,929.88458610545,1,1
2025-04-04 17:00:00,84314.4,83310.51999999999,83194.305,0.011130125692109916,0.010165853168155433,325.6999999999971,0,0.0,0.92988458610545,0.9821850642504941,929.88458610545,0,0
2025-04-04 18:00:00,84001.1,83433.13999999998,83257.95,-0.0037158539940981283,0.010120544478108997,-384.09999999999127,0,-0.0,0.92988458610545,0.9785354079565554,929.88458610545,0,0
2025-04-04 19:00:00,83900.1,83697.76,83295.58,-0.0012023652071222468,0.010081911601614077,-666.1999999999971,1,-0.0012023652071222468,0.9287665252324775,0.9773588510280912,928.7665252324775,1,1
2025-04-04 20:00:00,84255.3,83971.44,83357.82999999999,0.004233606396178313,0.005829406654664702,1739.9000000000087,1,0.004233606396178313,0.932698557134258,0.9814966037111652,932.698557134258,1,1
2025-04-04 21:00:00,84262.0,84146.58,83434.54,7.952022009294346e-05,0.005864432109805628,1572.3999999999942,0,0.0,0.932698557134258,0.9815746525371128,932.698557134258,0,0
2025-04-04 22:00:00,84058.5,84095.4,83492.375,-0.0024150862785122795,0.006017772559502867,1186.3999999999942,0,-0.0,0.932698557134258,0.979204065062435,932.698557134258,0,0
2025-04-04 23:00:00,83875.4,84070.26000000001,83545.79500000001,-0.0021782449127691894,0.00585977293068199,487.3999999999942,0,-0.0,0.932698557134258,0.9770711187891498,932.698557134258,0,0
2025-04-05 00:00:00,83799.1,84050.06,83599.935,-0.0009096826959988924,0.004677953763445588,1222.1000000000058,1,-0.0009096826959988924,0.9318500973962498,0.976182294099627,931.8500973962498,1,1
2025-04-05 01:00:00,83994.0,83997.8,83639.63999999998,0.002325800635090358,0.004622350079013203,1107.1000000000058,0,0.0,0.9318500973962498,0.9784526994992079,931.8500973962498,0,0
2025-04-05 02:00:00,83944.5,83934.3,83682.995,-0.0005893278091292364,0.004341742445014647,558.1999999999971,0,-0.0,0.9318500973962498,0.9778760701134754,931.8500973962498,0,0
2025-04-05 03:00:00,83681.4,83858.88,83667.63,-0.0031342136768937046,0.002461573382329699,-633.0,0,-0.0,0.9318500973962498,0.9748111975602187,931.8500973962498,0,0
2025-04-05 04:00:00,83623.2,83808.43999999999,83629.53,-0.0006954950562489959,0.0022318912736247966,-377.90000000000873,1,-0.0006954950562489959,0.9312020002603456,0.9741332211915394,931.2020002603456,1,1
2025-04-05 05:00:00,83700.0,83788.62,83586.215,0.0009184054185920054,0.002252963626829861,-200.10000000000582,0,0.0,0.9312020002603456,0.9750278704203122,931.2020002603456,0,0
2025-04-05 06:00:00,83470.9,83684.0,83633.99,-0.0027371565113500917,0.0017351041487746594,-784.4000000000087,1,-0.0027371565113500917,0.9286531546419508,0.9723590665360434,928.6531546419508,1,1
2025-04-05 07:00:00,83480.2,83591.14,83673.51999999999,0.00011141607434450584,0.0017372014094088092,-781.8000000000029,1,0.00011141607434450584,0.9287566215308686,0.9724674029660901,928.7566215308685,1,1
2025-04-05 08:00:00,83541.7,83563.2,83707.0,0.0007367016370349866,0.001723759287508889,-516.8000000000029,1,0.0007367016370349866,0.9294408380543574,0.9731838212938184,929.4408380543574,1,1
2025-04-05 09:00:00,83857.2,83610.0,83730.45999999999,0.003776557096635491,0.002109247552607126,-18.19999999999709,0,0.0,0.9294408380543574,0.9768591055604564,929.4408380543574,0,0
2025-04-05 10:00:00,83660.7,83602.14,83784.64499999999,-0.0023432692720481985,0.002222154023191098,-138.40000000000873,0,-0.0,0.9294408380543574,0.9745700616352762,929.4408380543574,0,0
2025-04-05 11:00:00,83480.4,83604.04,83814.31999999999,-0.002155133772488216,0.0021136536685305717,-513.6000000000058,0,-0.0,0.9294408380543574,0.97246973278179,929.4408380543574,0,0
2025-04-05 12:00:00,83250.5,83558.1,83807.53,-0.0027539398469580423,0.0022193667063693133,-694.0,0,-0.0,0.9294408380543574,0.9697916096347217,929.4408380543574,0,0
2025-04-05 13:00:00,82699.1,83389.58,83726.765,-0.006623383643341363,0.00281629028288132,-982.2999999999884,1,-0.006623383643341363,0.9232847948101347,0.9633683077500174,923.2847948101347,1,1
2025-04-05 14:00:00,82991.9,83216.51999999999,83676.305,0.003540546390468524,0.0031904097117598593,-631.3000000000029,0,0.0,0.9232847948101347,0.9667791579347135,923.2847948101347,0,0
2025-04-05 15:00:00,82617.1,83007.8,83612.155,-0.004516103378763292,0.0033337199397076704,-1082.8999999999942,1,-0.004516103378763292,0.9191151452287318,0.9624130833130465,919.1151452287319,1,1
2025-04-05 16:00:00,82754.2,82862.56,83537.1,0.0016594627504473713,0.003411602921841152,-716.6999999999971,1,0.0016594627504473713,0.920640382575611,0.9640101719753478,920.6403825756109,1,1
2025-04-05 17:00:00,82860.3,82784.52,83467.015,0.0012821101527173973,0.0034681335408782024,-619.8999999999942,1,0.0012821101527173973,0.9218207449571127,0.9652461392041602,921.8207449571128,1,1
2025-04-05 18:00:00,83081.9,82861.08,83418.185,0.002674380855487879,0.0036109719547386143,-459.8000000000029,0,0.0,0.9218207449571127,0.9678275749996814,921.8207449571128,0,0
2025-04-05 19:00:00,82815.0,82825.7,83365.165,-0.0032124927330741126,0.00334821318164957,-1042.199999999997,1,-0.0032124927330741126,0.918859402512741,0.9647184359481262,918.859402512741,1,1
2025-04-05 20:00:00,83039.0,82910.08,83327.16,0.0027048240053131334,0.003539290180658988,-621.6999999999971,0,0.0,0.918859402512741,0.9673278295320469,918.859402512741,0,0
2025-04-05 21:00:00,82935.6,82946.36,83274.24,-0.0012451980394753148,0.0035104439214209064,-544.7999999999884,1,-0.0012451980394753148,0.9177152405861787,0.9661233148151837,917.7152405861787,1,1
2025-04-05 22:00:00,83177.6,83009.81999999999,83235.895,0.0029179266804604254,0.003589860747226832,-72.89999999999418,1,0.0029179266804604254,0.9203930663717502,0.9689423918120977,920.3930663717503,1,1
2025-04-05 23:00:00,83569.6,83107.36,83230.305,0.004712807294271482,0.0030428195277615927,870.5,0,0.0,0.9203930663717502,0.9735088305839587,920.3930663717503,0,0
2025-04-06 00:00:00,83538.8,83252.12000000001,83226.08499999999,-0.0003685550726579834,0.002936823775620367,546.9000000000087,0,-0.0,0.9203930663717502,0.9731500389661696,920.3930663717503,0,0
2025-04-06 01:00:00,83456.6,83335.64,83213.91500000001,-0.0009839739139178016,0.002410185390521471,839.5,0,-0.0,0.9203930663717502,0.9721924847134987,920.3930663717503,0,0
2025-04-06 02:00:00,83310.4,83410.6,83205.89,-0.0017518087245348424,0.002546265728466249,556.1999999999971,1,-0.0017518087245348424,0.9187807137680788,0.9704893894368504,918.7807137680788,1,1
2025-04-06 03:00:00,83328.5,83440.78,83198.30500000001,0.00021725978989417527,0.002540221340705117,468.1999999999971,1,0.00021725978989417527,0.9189803278729108,0.970700237757694,918.9803278729108,1,1
2025-04-06 04:00:00,83493.7,83425.6,83195.905,0.0019825149858692104,0.002485259042660659,411.8000000000029,0,0.0,0.9189803278729108,0.9726246655258354,918.9803278729108,0,0
2025-04-06 05:00:00,83471.8,83412.2,83176.635,-0.00026229523904186536,0.0021481901769985984,656.8000000000029,0,-0.0,0.9189803278729108,0.9723695507066933,918.9803278729108,0,0
2025-04-06 06:00:00,83201.6,83361.2,83153.68000000001,-0.003237021365299353,0.0023706589699332044,162.60000000000582,0,-0.0,0.9189803278729108,0.9692219696960892,918.9803278729108,0,0
2025-04-06 07:00:00,83024.6,83304.04000000001,83130.89,-0.0021273629353281143,0.002445566930814305,89.0,0,-0.0,0.9189803278729108,0.967160082801652,918.9803278729108,0,0
2025-04-06 08:00:00,83007.0,83239.74,83118.715,-0.00021198536337430074,0.002237718272327394,-170.60000000000582,1,-0.00021198536337430074,0.9187855174941729,0.9669550590200582,918.785517494173,1,1
2025-04-06 09:00:00,83071.8,83155.36000000002,83137.35,0.0007806570530195511,0.0015026774681585902,-497.8000000000029,0,0.0,0.9187855174941729,0.9677099193068351,918.785517494173,0,0
2025-04-06 10:00:00,82846.8,83030.36000000002,83130.095,-0.0027085003575220146,0.0016392594951624847,-692.0,0,-0.0,0.9187855174941729,0.965088876644415,918.785517494173,0,0
2025-04-06 11:00:00,82761.0,82942.24,83137.29000000001,-0.0010356465186344144,0.001639879221453492,-695.6000000000058,0,-0.0,0.9187855174941729,0.9640893857091454,918.785517494173,0,0
2025-04-06 12:00:00,82700.8,82877.48000000001,83134.62000000001,-0.0007273957540386844,0.0016079590645058177,-609.5999999999913,0,-0.0,0.9187855174941729,0.9633881111834668,918.785517494173,0,0
2025-04-06 13:00:00,82302.6,82736.6,83106.735,-0.004814947376567069,0.002013758419214663,-1025.8999999999942,1,-0.004814947376567069,0.9143616135770866,0.958749448124908,914.3616135770866,1,1
2025-04-06 14:00:00,82599.4,82642.12,83082.61000000002,0.0036062044212452626,0.0023409902666402787,-894.3000000000029,1,0.0036062044212452626,0.9176589884705852,0.9622068946236025,917.6589884705852,1,1
2025-04-06 15:00:00,82692.4,82611.23999999999,83076.48000000001,0.0011259161688825792,0.002433783028810415,-779.4000000000087,0,0.0,0.9176589884705852,0.9632902589240695,917.6589884705852,0,0
2025-04-06 16:00:00,81988.8,82456.8,83023.97,-0.008508641664771943,0.00337624643058159,-1212.800000000003,0,-0.0,0.9176589884705852,0.9550939672917192,917.6589884705852,0,0
2025-04-06 17:00:00,80766.1,82069.86,82915.49500000001,-0.014913012509025547,0.005443923755984223,-2258.5,0,-0.0,0.9176589884705852,0.940850639010203,917.6589884705852,0,0
2025-04-06 18:00:00,79092.9,81427.92,82711.26,-0.020716612539171897,0.007756147167608875,-3914.100000000006,1,-0.020716612539171897,0.8986482027633517,0.9213594008645963,898.6482027633517,1,1
2025-04-06 19:00:00,79650.5,80838.14,82515.30500000001,0.007049937478585289,0.008476483166171818,-3421.300000000003,0,0.0,0.8986482027633517,0.9278549270359986,898.6482027633517,0,0
2025-04-06 20:00:00,78858.8,80071.42000000001,82281.30500000001,-0.009939673950571493,0.00864525523134271,-3988.0,1,-0.009939673950571493,0.8897159326316169,0.9186323515878294,889.7159326316169,1,1
2025-04-06 21:00:00,78942.5,79462.16,82055.6,0.0010613907388903332,0.008773547606309976,-3818.5,0,0.0,0.8897159326316169,0.9196073794582498,889.7159326316169,0,0
2025-04-06 22:00:00,78029.3,78914.8,81791.54500000001,-0.01156791335465679,0.00890003152566229,-4671.5,1,-0.01156791335465679,0.8794237758126766,0.9089694409723738,879.4237758126766,1,1
2025-04-06 23:00:00,78423.2,78780.86,81546.28,0.005048103725139086,0.009540109970712828,-3879.4000000000087,0,0.0,0.8794237758126766,0.913558012993384,879.4237758126766,0,0
2025-04-07 00:00:00,78317.4,78514.23999999999,81287.465,-0.0013490905752380211,0.009178209667101827,-4282.0,1,-0.0013490905752380211,0.8782373534850875,0.9123255404881214,878.2373534850875,1,1
2025-04-07 01:00:00,79201.5,78582.78,81073.95,0.011288679144098257,0.010440994183306594,-3490.899999999994,0,0.0,0.8782373534850875,0.9226244907896578,878.2373534850875,0,0
2025-04-07 02:00:00,78430.8,78480.44,80835.41,-0.009730876309160807,0.010503292489344507,-3558.0,0,-0.0,0.8782373534850875,0.9136465459899812,878.2373534850875,0,0
2025-04-07 03:00:00,77647.6,78404.1,80566.56000000001,-0.009985872896872139,0.010060349479724466,-3118.5,0,-0.0,0.8782373534850875,0.904522987709059,878.2373534850875,0,0
2025-04-07 04:00:00,76980.9,78115.64,80265.255,-0.008586228035380561,0.008399469853994092,-2112.0,0,-0.0,0.8782373534850875,0.8967565470733453,878.2373534850875,0,0
2025-04-07 05:00:00,76875.4,77827.24,79955.435,-0.0013704698178379493,0.0077104667070215325,-2775.100000000006,0,-0.0,0.8782373534850875,0.8955275692916327,878.2373534850875,0,0
2025-04-07 06:00:00,74805.9,76948.12,79553.39,-0.026920185130744012,0.010608253842714402,-4052.9000000000087,1,-0.026920185130744012,0.8545950413405342,0.8714198013366168,854.5950413405342,1,1
2025-04-07 07:00:00,75140.0,76289.95999999999,79172.34,0.004466225257633516,0.010883032851941057,-3802.5,1,0.004466225257633516,0.8584118552992177,0.8753117584633484,858.4118552992177,1,1
2025-04-07 08:00:00,76261.4,76012.72,78850.37,0.014924141602342234,0.012214595793705764,-1767.9000000000087,1,0.014924141602342234,0.8712229153808325,0.8883750350928507,871.2229153808325,1,1
2025-04-07 09:00:00,76301.6,75876.86,78550.32,0.0005271343038550924,0.011997363466203824,-2121.5999999999913,1,0.0005271343038550924,0.8716821668658344,0.8888433280485366,871.6821668658345,1,1
2025-04-07 10:00:00,77006.5,75903.08,78270.675,0.009238338383467548,0.01258024158727193,-1310.8999999999942,0,0.0,0.8716821668658344,0.8970547634829364,871.6821668658345,0,0
2025-04-07 11:00:00,76724.1,76286.72,77972.26,-0.0036672228967683518,0.01173647562095454,-2477.399999999994,1,-0.0036672228967683518,0.8684855140647993,0.8937650637146367,868.4855140647993,1,1
2025-04-07 12:00:00,77250.0,76708.72,77735.31999999999,0.006854430354999108,0.011868103875268012,-1180.800000000003,1,0.006854430354999108,0.8744384875352821,0.8998913140976,874.4384875352821,1,1
2025-04-07 13:00:00,78498.0,77156.04000000001,77621.915,0.016155339805825175,0.01263381974673936,850.3999999999942,1,0.016155339805825175,0.8885653384407064,0.9144293640651573,888.5653384407065,1,1
2025-04-07 14:00:00,79053.1,77706.34,77619.925,0.007071517745675049,0.012256036395229744,2072.2000000000116,0,0.0,0.8885653384407064,0.9208957675403104,888.5653384407065,0,0
2025-04-07 15:00:00,78556.3,78016.3,77565.215,-0.006284383534611582,0.012533971893948044,1680.9000000000087,0,-0.0,0.8885653384407064,0.9151085053416866,888.5653384407065,0,0
2025-04-07 16:00:00,77455.5,78162.58,77495.05,-0.014012879934518385,0.009493702026743689,2649.600000000006,1,-0.014012879934518385,0.8761139790391621,0.902285199729277,876.1139790391621,1,1
2025-04-07 17:00:00,79091.2,78530.82,77502.485,0.021117932232055825,0.01101511802539793,3951.199999999997,0,0.0,0.8761139790391621,0.9213395974311468,876.1139790391621,0,0
2025-04-07 18:00:00,78526.9,78536.6,77527.36499999999,-0.0071348013432595,0.011058382258385445,2265.5,0,-0.0,0.8761139790391621,0.9147660224337969,876.1139790391621,0,0
2025-04-07 19:00:00,78124.7,78350.92,77512.43999999999,-0.005121811761319983,0.011338704619705247,1823.0999999999913,1,-0.005121811761319983,0.8716266881570625,0.9100807630612395,871.6266881570624,1,1
2025-04-07 20:00:00,78926.6,78424.98000000001,77542.9,0.010264359415140367,0.011411648965549815,1920.1000000000058,1,0.010264359415140367,0.880573377760135,0.9194221591101053,880.573377760135,1,1
2025-04-07 21:00:00,79317.3,78797.34,77548.69,0.004950168891096229,0.01121584407610133,2593.199999999997,1,0.004950168891096229,0.8849323647010507,0.9239734540799166,884.9323647010508,1,1
2025-04-07 22:00:00,79955.0,78970.1,77624.9,0.0080398601566114,0.011262742592186584,2705.0,0,0.0,0.8849323647010507,0.9314020714391403,884.9323647010508,0,0
2025-04-07 23:00:00,79256.0,79115.92000000001,77705.31999999999,-0.008742417609905573,0.01090157607969959,758.0,0,-0.0,0.8849323647010507,0.9232593655678882,884.9323647010508,0,0
2025-04-08 00:00:00,79024.2,79295.81999999999,77807.485,-0.0029246997072777114,0.010741620660921396,-28.90000000000873,1,-0.0029246997072777114,0.882344203273049,0.9205591091716704,882.344203273049,1,1
2025-04-08 01:00:00,80602.8,79631.06000000001,77993.85500000001,0.019976159201864796,0.012148336852673105,2046.5,0,0.0,0.882344203273049,0.9389483444912106,882.344203273049,0,0
2025-04-08 02:00:00,79950.2,79757.63999999998,78251.06999999999,-0.008096492925804166,0.011366022739941379,2494.699999999997,0,-0.0,0.882344203273049,0.9313461558623419,882.344203273049,0,0
2025-04-08 03:00:00,79914.3,79749.5,78489.785,-0.0004490295208766648,0.009485918760976283,823.1000000000058,1,-0.0004490295208766648,0.881948004678205,0.9309279539442047,881.948004678205,1,1
2025-04-08 04:00:00,80333.7,79965.04,78693.4,0.005248122050746762,0.00909515347445884,1806.800000000003,0,0.0,0.881948004678205,0.9358135774669558,881.948004678205,0,0
2025-04-08 05:00:00,79887.5,80137.7,78872.69499999999,-0.005554331494752485,0.009135385122547145,1762.800000000003,0,-0.0,0.881948004678205,0.9306157586404141,881.948004678205,0,0
2025-04-08 06:00:00,79483.0,79913.73999999999,78996.51999999999,-0.005063370364575159,0.008928778830388567,556.3999999999942,1,-0.005063370364575159,0.8774823752882212,0.9259037063873077,877.4823752882212,1,1
2025-04-08 07:00:00,79544.4,79832.58,79137.535,0.0007724922310430316,0.008806718794365058,227.09999999999127,0,0.0,0.8774823752882212,0.9266189598071858,877.4823752882212,0,0
2025-04-08 08:00:00,79160.4,79681.8,79233.05500000001,-0.0048274925701872196,0.008487797894826088,-794.6000000000058,0,-0.0,0.8774823752882212,0.922145713663322,877.4823752882212,0,0
2025-04-08 09:00:00,79014.4,79417.94,79258.875,-0.001844356521695234,0.008054856340237025,-241.60000000000582,0,-0.0,0.8774823752882212,0.9204449482023738,877.4823752882212,0,0
2025-04-08 10:00:00,79007.6,79241.95999999999,79256.6,-8.606026243307419e-05,0.008000991455926575,-16.59999999999127,1,-8.606026243307419e-05,0.8774068589247235,0.9203657344685763,877.4068589247235,1,1
2025-04-08 11:00:00,79999.3,79345.22,79328.75,0.012551957026918803,0.006048396504881721,-603.5,0,0.0,0.8774068589247235,0.9319181256166744,877.4068589247235,0,0
2025-04-08 12:00:00,79822.4,79400.81999999999,79447.095,-0.002211269348606937,0.005515336373176634,-127.80000000000291,1,-0.002211269348606937,0.8754666760313258,0.9298574036300871,875.4666760313257,1,1
2025-04-08 13:00:00,79957.1,79560.16,79490.39,0.0016874962416566497,0.005543617469199532,42.80000000000291,0,0.0,0.8754666760313258,0.9314265345039895,875.4666760313257,0,0
2025-04-08 14:00:00,78524.6,79462.2,79490.275,-0.017915857378519195,0.007597383730675818,-1809.0999999999913,0,-0.0,0.8754666760313258,0.9147392295532476,875.4666760313257,0,0
2025-04-08 15:00:00,78494.9,79359.66,79508.785,-0.0003782254223518855,0.007523137275063336,-1392.6000000000058,0,-0.0,0.8754666760313258,0.914393251921808,875.4666760313257,0,0
2025-04-08 16:00:00,77433.9,78846.57999999999,79434.15,-0.01351680172851999,0.008366764985547843,-2049.100000000006,0,-0.0,0.8754666760313258,0.9020335796336842,875.4666760313257,0,0
2025-04-08 17:00:00,77365.5,78355.2,79336.56,-0.0008833340436165127,0.00830930308852571,-2178.899999999994,0,-0.0,0.8754666760313258,0.9012367826643085,875.4666760313257,0,0
2025-04-08 18:00:00,77255.3,77814.84,79201.575,-0.0014244075201478301,0.008284067818598246,-1905.0999999999913,0,-0.0,0.8754666760313258,0.8999530542136477,875.4666760313257,0,0
2025-04-08 19:00:00,76844.2,77478.76,79080.985,-0.00532131776072331,0.008330892597831053,-2170.199999999997,1,-0.00532131776072331,0.8708080396592389,0.8951641180424434,870.808039659239,1,1
2025-04-08 20:00:00,77089.0,77197.57999999999,78984.225,0.0031856665825138464,0.008509456570607699,-1918.6000000000058,1,0.0031856665825138464,0.8735821437309658,0.8980158124591567,873.5821437309658,1,1
2025-04-08 21:00:00,77089.7,77128.74,78808.56999999999,9.080413547968291e-06,0.006812086987047219,-2909.600000000006,0,0.0,0.8735821437309658,0.8980239668141065,873.5821437309658,0,0
2025-04-08 22:00:00,76809.1,77017.46,78651.515,-0.003639915578864561,0.006792888129750996,-3013.2999999999884,0,-0.0,0.8735821437309658,0.894755235387106,873.5821437309658,0,0
2025-04-08 23:00:00,76327.4,76831.87999999999,78472.17,-0.006271392322003688,0.006537381190975473,-3629.7000000000116,1,-0.006271392322003688,0.8681035673821319,0.8891438742738267,868.1035673821319,1,1
2025-04-09 00:00:00,76502.9,76763.62,78280.63,0.002299305360853321,0.00488412400467797,-2021.7000000000116,0,0.0,0.8681035673821319,0.8911882875505144,868.1035673821319,0,0
2025-04-09 01:00:00,76073.1,76560.44,78089.91,-0.005618087680336115,0.004901025209184063,-2421.7999999999884,0,-0.0,0.8681035673821319,0.886181513611367,868.1035673821319,0,0
2025-04-09 02:00:00,75665.0,76275.5,77899.01,-0.0053645769661023746,0.0034391302232979594,-1768.8999999999942,0,-0.0,0.8681035673821319,0.8814275246756618,868.1035673821319,0,0
2025-04-09 03:00:00,75068.8,75927.44,77675.23,-0.007879468710764503,0.0038098839287045894,-2296.699999999997,1,-0.007879468710764503,0.8612633724852413,0.8744823440741732,861.2633724852413,1,1
2025-04-09 04:00:00,76383.2,75938.6,77536.37,0.01750927149494852,0.007550065093246482,-872.1000000000058,1,0.01750927149494852,0.8763434667027404,0.8897938928541069,876.3434667027404,1,1
2025-04-09 05:00:00,76713.6,75980.73999999999,77421.33,0.004325558499775006,0.007568345615475061,-130.59999999999127,1,0.004325558499775006,0.8801341416338587,0.8936427483903899,880.1341416338587,1,1
2025-04-09 06:00:00,76844.2,76134.95999999999,77313.16,0.0017024360739164024,0.007510141256001713,-244.8000000000029,1,0.0017024360739164024,0.8816325137464617,0.8951641180424436,881.6325137464617,1,1
2025-04-09 07:00:00,77793.1,76560.58,77202.85,0.012348362010405678,0.00851209292470311,703.4000000000087,0,0.0,0.8816325137464617,0.9062179286307571,881.6325137464617,0,0
2025-04-09 08:00:00,77503.2,77047.46,77086.89,-0.003726551583623894,0.008517316081892195,694.0999999999913,0,-0.0,0.8816325137464617,0.9028408607737098,881.6325137464617,0,0
