datetime,close,SMA_5,SMA_20,Return,Target,Strategy_Return,Cumulative_Strategy,Cumulative_BuyHold
2025-03-20 00:00:00,86151.4,86003.68,84531.205,-0.008010630176482736,0,-0.0,1.0,0.9919893698235173
2025-03-20 01:00:00,85852.6,86102.62000000001,84661.64,-0.0034683127610228848,1,-0.0034683127610228848,0.9965316872389771,0.9885488404333593
2025-03-20 02:00:00,86040.2,86211.62,84803.655,0.002185140578153666,0,0.0,0.9965316872389771,0.9907089586180771
2025-03-20 03:00:00,85988.0,86175.86000000002,84944.43,-0.000606693150411064,0,-0.0,0.9965316872389771,0.9901079022788326
2025-03-20 04:00:00,85651.2,85936.68,85056.18000000001,-0.003916825603572649,1,-0.003916825603572649,0.9926284464116281,0.9862298222968873
2025-03-20 05:00:00,85811.2,85868.64,85170.30500000001,0.0018680415452438925,0,0.0,0.9926284464116281,0.9880721405780963
2025-03-20 06:00:00,85792.2,85856.56,85285.025,-0.0002214163186157192,1,-0.0002214163186157192,0.9924086622752704,0.9878533652822028
2025-03-20 07:00:00,85843.7,85817.25999999998,85382.325,0.0006002876718396166,1,0.0006002876718396166,0.993004392960661,0.988446361478967
2025-03-20 08:00:00,86255.0,85870.65999999999,85511.91,0.0047912659869040475,0,0.0,0.993004392960661,0.9931822709106003
2025-03-20 09:00:00,85854.7,85911.36,85598.05,-0.004640890383166174,0,-0.0,0.993004392960661,0.9885730208608001
2025-03-20 10:00:00,85234.9,85796.1,85643.765,-0.007219173790136146,1,-0.007219173790136146,0.9858357216735093,0.9814363404189661
2025-03-20 11:00:00,85471.9,85732.04,85680.82999999999,0.0027805511592082777,0,0.0,0.9858357216735093,0.9841652743730072
2025-03-20 12:00:00,85351.0,85633.5,85719.045,-0.001414499970165517,1,-0.001414499970165517,0.984441257074614,0.9827731726217686
2025-03-20 13:00:00,85465.0,85475.5,85784.43,0.0013356609764385574,1,0.0013356609764385574,0.9857561368452847,0.9840858243971302
2025-03-20 14:00:00,86133.9,85531.34,85809.61,0.007826595682443038,0,0.0,0.9857561368452847,0.9917878662615102
2025-03-20 15:00:00,84674.1,85419.18,85771.9,-0.01694803091465713,0,-0.0,0.9857561368452847,0.9749790148433283
2025-03-20 16:00:00,83769.8,85078.76000000001,85692.495,-0.010679771027976681,1,-0.010679771027976681,0.9752284870143543,0.9645664622077192
2025-03-20 17:00:00,83992.7,84807.1,85617.37,0.0026608634615337134,1,0.0026608634615337134,0.9778234368620976,0.9671330418632286
2025-03-20 18:00:00,84026.9,84519.48000000001,85510.37499999999,0.00040717824287117566,1,0.00040717824287117566,0.9782215852909574,0.9675268373958371
2025-03-20 19:00:00,84165.0,84125.7,85376.26999999999,0.0016435213009167171,1,0.0016435213009167171,0.9798293133033996,0.9691169883623058
2025-03-20 20:00:00,84544.6,84099.8,85295.93,0.004510188320560937,0,0.0,0.9798293133033996,0.9734878884844747
2025-03-20 21:00:00,84359.0,84217.63999999998,85221.25,-0.0021952910061672215,0,-0.0,0.9798293133033996,0.971350799278272
2025-03-20 22:00:00,84135.5,84246.2,85126.015,-0.002649391291978276,1,-0.002649391291978276,0.9772333620531085,0.9687773109292079
2025-03-20 23:00:00,84219.5,84284.72,85037.59,0.0009983895026475231,1,0.0009983895026475231,0.9782090215834193,0.9697445280268427
2025-03-21 00:00:00,84485.0,84348.72,84979.28,0.0031524765642161334,1,0.0031524765642161334,0.9812928025988658,0.9728016249247242
2025-03-21 01:00:00,84747.7,84389.34,84926.105,0.0031094277090606415,0,0.0,0.9812928025988658,0.9758264812526843
2025-03-21 02:00:00,84659.9,84449.51999999999,84869.49,-0.0010360163166670544,0,-0.0,0.9812928025988658,0.9748155090958708
2025-03-21 03:00:00,84459.6,84514.34,84800.285,-0.002365937120171302,1,-0.002365937120171302,0.9789711255314402,0.9725091568975822
2025-03-21 04:00:00,84691.4,84608.72,84722.10500000001,0.002744507433139587,0,0.0,0.9789711255314402,0.975178215507484
2025-03-21 05:00:00,84433.2,84598.36,84651.03,-0.0030487156901408685,0,-0.0,0.9789711255314402,0.9722051743811827
2025-03-21 06:00:00,84145.4,84477.9,84596.555,-0.003408611778305204,0,-0.0,0.9789711255314402,0.9688913043728578
2025-03-21 07:00:00,83944.9,84334.9,84520.205,-0.0023827802827011135,1,-0.0023827802827011135,0.9766384524361902,0.9665826492767176
2025-03-21 08:00:00,83977.4,84238.45999999999,84451.525,0.0003871587195887205,1,0.0003871587195887205,0.9770165665289365,0.9669568701775882
2025-03-21 09:00:00,84100.6,84120.3,84383.30500000001,0.0014670613760370266,1,0.0014670613760370266,0.9784499097974394,0.9683754552541194
2025-03-21 10:00:00,84179.4,84069.54000000001,84285.58,0.0009369731012618399,0,0.0,0.9784499097974394,0.9692827970076147
2025-03-21 11:00:00,84054.9,84051.43999999999,84254.62,-0.0014789841695236339,0,-0.0,0.9784499097974394,0.9678492430950488
2025-03-21 12:00:00,83455.8,83953.62,84238.92,-0.007127484536891826,1,-0.007127484536891826,0.971476023195235,0.9609509125808464
2025-03-21 13:00:00,84007.4,83959.62,84239.655,0.006609486698347933,1,0.006609486698347933,0.9778969810483078,0.9673023048553149
2025-03-21 14:00:00,84103.2,83960.14,84243.47,0.0011403757288048766,0,0.0,0.9778969810483078,0.9684053929261889
2025-03-21 15:00:00,83597.9,83843.84,84215.115,-0.006008094816844056,1,-0.006008094816844056,0.972021683265064,0.9625871215043452
2025-03-21 16:00:00,84105.4,83853.94,84193.155,0.006070726657009251,0,0.0,0.972021683265064,0.9684307248025554
2025-03-21 17:00:00,84043.2,83971.42,84177.365,-0.0007395482335259551,1,-0.0007395482335259551,0.9713028263462564,0.9677145235707354
2025-03-21 18:00:00,84103.1,83990.56,84175.745,0.0007127286919108577,0,0.0,0.9713028263462564,0.9684042414772631
2025-03-21 19:00:00,84010.2,83971.95999999999,84165.28,-0.0011045966201008728,1,-0.0011045966201008728,0.9702299285271799,0.967334545425236
2025-03-21 20:00:00,84207.9,84093.95999999999,84151.425,0.002353285672453964,1,0.002353285672453964,0.972513156716969,0.969610959951455
2025-03-21 21:00:00,84320.3,84136.93999999999,84130.05500000001,0.0013347916288140027,0,0.0,0.972513156716969,0.9709051885440044
2025-03-21 22:00:00,84169.4,84162.18000000001,84105.53,-0.001789604638503528,0,-0.0,0.972513156716969,0.969167652115039
2025-03-21 23:00:00,84082.4,84158.04,84086.67,-0.0010336297989530507,1,-0.0010336297989530507,0.9715079381383125,0.9681658915496315
2025-03-22 00:00:00,84192.6,84194.51999999999,84061.73,0.001310619106971389,0,0.0,0.9715079381383125,0.9694347882658144
2025-03-22 01:00:00,84065.3,84166.0,84043.33499999999,-0.001512009368994427,1,-0.001512009368994427,0.9700390090337949,0.9679689937833273
2025-03-22 02:00:00,84233.2,84148.57999999999,84047.725,0.001997256894342714,1,0.001997256894342714,0.971976426132369,0.9699022765296711
2025-03-22 03:00:00,84296.1,84173.92,84065.285,0.0007467364412132582,1,0.0007467364412132582,0.9727022363497623,0.9706265379039715
2025-03-22 04:00:00,84372.2,84231.87999999999,84085.025,0.0009027701162922508,0,0.0,0.9727022363497623,0.9715027905364714
2025-03-22 05:00:00,84303.0,84253.95999999999,84095.14499999999,-0.0008201753658194644,1,-0.0008201753658194644,0.9719044499372307,0.9707059878798485
2025-03-22 06:00:00,84367.2,84314.34,84104.535,0.0007615387352761793,0,0.0,0.9719044499372307,0.9714452180901836
2025-03-22 07:00:00,84233.5,84314.4,84113.465,-0.0015847390929175642,0,-0.0,0.9719044499372307,0.9699057308764483
2025-03-22 08:00:00,84232.8,84301.74,84152.315,-8.31023286451682e-06,1,-8.31023286451682e-06,0.9718963731849296,0.969897670733968
2025-03-22 09:00:00,84363.3,84299.96,84170.11,0.001549277716044184,1,0.001549277716044184,0.9734021105782091,0.9714003115820793
2025-03-22 10:00:00,84429.4,84325.24,84186.42,0.0007835160549669595,0,0.0,0.9734021105782091,0.9721614193220037
2025-03-22 11:00:00,84245.2,84300.84,84218.785,-0.0021817044773502214,1,-0.0021817044773502214,0.9712784348352985,0.9700404504007618
2025-03-22 12:00:00,84252.7,84304.68000000001,84226.15,8.902584360881427e-05,0,0.0,0.9712784348352985,0.9701268090701934
2025-03-22 13:00:00,84176.9,84293.5,84232.83499999999,-0.0008996744317986138,0,-0.0,0.9712784348352985,0.9692540107844706
2025-03-22 14:00:00,84021.3,84225.09999999999,84228.74500000001,-0.0018484881244140716,1,-0.0018484881244140716,0.969483038183006,0.9674623562559947
2025-03-22 15:00:00,84123.9,84164.0,84234.43000000001,0.0012211189305568748,1,0.0012211189305568748,0.970666892273785,0.9686437428538202
2025-03-22 16:00:00,84149.3,84144.81999999999,84231.5,0.00030193559737501374,1,0.00030193559737501374,0.9709599711617558,0.9689362108809623
2025-03-22 17:00:00,84263.7,84147.02,84228.67,0.0013594884330587753,1,0.0013594884330587753,0.9722799800115133,0.9702534684520268
2025-03-22 18:00:00,84264.8,84164.6,84233.44,1.3054257052669271e-05,0,0.0,0.9722799800115133,0.9702661343902101
2025-03-22 19:00:00,84212.0,84202.74,84239.92000000001,-0.0006265961587756941,0,-0.0,0.9722799800115133,0.9696581693574111
2025-03-22 20:00:00,84000.0,84177.95999999999,84230.29000000001,-0.0025174559445210187,1,-0.0025174559445210187,0.9698323079960945,0.9672170976348089
2025-03-22 21:00:00,84029.2,84153.94,84228.485,0.00034761904761904105,0,0.0,0.9698323079960945,0.9675533207211295
2025-03-22 22:00:00,83969.5,84095.1,84215.3,-0.000710467313743246,0,-0.0,0.9698323079960945,0.9668659057124535
2025-03-22 23:00:00,83840.5,84010.24,84192.51999999999,-0.0015362720987978085,1,-0.0015362720987978085,0.9683423816808074,0.9653805365982285
2025-03-23 00:00:00,84016.2,83971.08,84174.72,0.002095645899058196,1,0.002095645899058196,0.9703716844218611,0.9674036323607812
2025-03-23 01:00:00,84066.6,83984.4,84162.9,0.0005998843080263772,1,0.0005998843080263772,0.9709537951682988,0.9679839626193621
2025-03-23 02:00:00,84245.0,84027.56,84156.79000000001,0.002122126980275141,0,0.0,0.9709537951682988,0.9700381475029103
2025-03-23 03:00:00,84210.1,84075.68000000001,84155.62,-0.0004142679090746171,0,-0.0,0.9709537951682988,0.9696362918278216
2025-03-23 04:00:00,84115.4,84130.66,84149.75,-0.0011245681931265628,1,-0.0011245681931265628,0.9698618914132571,0.9685458696951309
2025-03-23 05:00:00,84236.2,84174.66,84143.39499999999,0.001436122279630192,1,0.001436122279630192,0.9712547316836799,0.9699368199974439
2025-03-23 06:00:00,84236.6,84208.66,84133.755,4.748552285160912e-06,1,4.748552285160912e-06,0.9712593437375555,0.9699414257931469
2025-03-23 07:00:00,84276.7,84215.0,84135.33,0.00047604010608215397,1,0.00047604010608215397,0.9717217021385817,0.970403156812375
2025-03-23 08:00:00,84315.1,84236.0,84138.45,0.0004556419508596754,1,0.0004556419508596754,0.9721644593106368,0.9708453131998653
2025-03-23 09:00:00,84317.6,84276.44,84145.485,2.9650679415738068e-05,1,2.9650679415738068e-05,0.9721932846473592,0.9708740994230093
2025-03-23 10:00:00,84464.1,84322.01999999999,84167.625,0.0017374782963461843,1,0.0017374782963461843,0.9738824493792875,0.9725609720992414
2025-03-23 11:00:00,84627.2,84400.14,84192.79000000001,0.0019309979032511304,1,0.0019309979032511304,0.9757630143470519,0.9744389852971489
2025-03-23 12:00:00,84723.9,84489.58,84221.51999999999,0.001142658625122861,1,0.001142658625122861,0.9768779783714715,0.9755524364083547
2025-03-23 13:00:00,85021.6,84630.88,84259.41500000001,0.003513766481477054,0,0.0,0.9768779783714715,0.9789802998603296
2025-03-23 14:00:00,84935.6,84754.48000000001,84292.95499999999,-0.001011507663934763,1,-0.001011507663934763,0.9758898588096196,0.9779900537841798
2025-03-23 15:00:00,85193.1,84900.28,84342.01,0.0030317087299083223,1,0.0030317087299083223,0.9788484726140018,0.9809550347680008
2025-03-23 16:00:00,85280.7,85030.98000000001,84406.045,0.001028252288037379,0,0.0,0.9788484726140018,0.9819637040269629
2025-03-23 17:00:00,84997.4,85085.68000000001,84454.455,-0.003321970856242973,1,-0.003321970856242973,0.9755967665153001,0.9787016492202969
2025-03-23 18:00:00,85007.8,85082.92000000001,84506.37,0.0001223566838515211,1,0.0001223566838515211,0.9757161373004272,0.9788213999085755
2025-03-23 19:00:00,85014.5,85098.7,84565.06999999999,7.881629685746461e-05,1,7.881629685746461e-05,0.9757930396331532,0.9788985469866012
2025-03-23 20:00:00,85176.0,85095.28,84623.06,0.001899675937634182,1,0.001899675937634182,0.9776467301906553,0.9807581370016967
2025-03-23 21:00:00,85188.5,85076.84,84679.155,0.00014675495444715914,1,0.00014675495444715914,0.9777902046920098,0.9809020681174161
2025-03-23 22:00:00,85389.3,85155.22,84736.37,0.002357125668370763,1,0.002357125668370763,0.9800949790817709,0.9832141775603336
2025-03-23 23:00:00,86067.8,85367.22,84829.255,0.007945960442350408,0,0.0,0.9800949790817709,0.9910267585215861
2025-03-24 00:00:00,86005.9,85565.5,84923.78,-0.0007192004443009603,0,-0.0,0.9800949790817709,0.9903140116365432
2025-03-24 01:00:00,85563.3,85642.95999999999,84990.135,-0.005146158577492788,1,-0.005146158577492788,0.9750512548984116,0.9852176986911485
2025-03-24 02:00:00,85890.6,85783.38,85072.83499999999,0.003825238157013633,1,0.003825238157013633,0.978781058163693,0.9889863910251471
2025-03-24 03:00:00,86503.1,86006.14,85184.155,0.007131164527899525,1,0.007131164527899525,0.9857609069262498,0.996039015695401
2025-03-24 04:00:00,86867.8,86166.14,85311.79000000001,0.004216033876242475,1,0.004216033876242475,0.9899169083037265,1.000238349927632
2025-03-24 05:00:00,86895.0,86343.95999999999,85440.66,0.00031311947580103805,1,0.00031311947580103805,0.9902268705671411,1.0005515440354373
2025-03-24 06:00:00,87116.5,86654.6,85573.28,0.0025490534553196387,0,0.0,0.9902268705671411,1.0031020034059863
2025-03-24 07:00:00,86911.9,86858.86000000002,85687.515,-0.0023485792014142914,1,-0.0023485792014142914,0.9879012443342455,1.00074613890389
2025-03-24 08:00:00,87450.0,87048.24,85823.82,0.006191327079490883,0,0.0,0.9879012443342455,1.0069420855733817
2025-03-24 09:00:00,87159.5,87106.58,85930.715,-0.003321898227558573,1,-0.003321898227558573,0.9846195369416887,1.0035971264440613
2025-03-24 10:00:00,87804.8,87288.54000000001,86074.175,0.007403667987998963,0,0.0,0.9846195369416887,1.011027426361963
2025-03-24 11:00:00,87686.0,87402.44,86198.81999999999,-0.0013530012026677918,0,-0.0,0.9846195369416887,1.0096595050381652
2025-03-24 12:00:00,87264.0,87472.86,86297.98500000002,-0.0048126268731610855,1,-0.0048126268731610855,0.9798809304983637,1.004800390571476
2025-03-24 13:00:00,87700.0,87522.86,86433.11499999999,0.004996332966630046,1,0.004996332966630046,0.9847767418947848,1.009820707887771
2025-03-24 14:00:00,87960.5,87683.06,86580.75,0.0029703534777651974,1,0.0029703534777651974,0.9877018769148943,1.0128202323393647
2025-03-24 15:00:00,88320.7,87786.24,86746.06000000001,0.004095019923715748,0,0.0,0.9877018769148943,1.016967751369937
2025-03-24 16:00:00,87998.5,87848.74,86887.18500000001,-0.0036480689124972487,1,-0.0036480689124972487,0.9840986724029059,1.013257782931152
2025-03-24 17:00:00,88418.8,88079.7,87048.7,0.00477621777643944,1,0.00477621777643944,0.9887989419758072,1.0180973227661034
2025-03-24 18:00:00,88485.2,88236.74,87203.49500000001,0.000750971512845533,0,0.0,0.9887989419758072,1.018861884852805
2025-03-24 19:00:00,88295.9,88303.81999999999,87314.9,-0.002139340816317392,0,-0.0,0.9887989419758072,1.0166821920363494
2025-03-24 20:00:00,87870.7,88213.81999999999,87408.14,-0.004815625640601673,1,-0.004815625640601673,0.9840372564374287,1.011786231204036
2025-03-24 21:00:00,88122.4,88238.6,87536.095,0.0028644360406824276,0,0.0,0.9840372564374287,1.014684428150163
2025-03-24 22:00:00,87404.7,88035.78,87611.8,-0.008144353762494005,1,-0.008144353762494005,0.9760229089055282,1.0064204792100142
2025-03-24 23:00:00,87479.4,87834.62,87660.61499999999,0.0008546451163380375,1,0.0008546451163380375,0.9768570621180583,1.0072806115575537
2025-03-25 00:00:00,87623.9,87700.22,87698.42000000001,0.0016518174564525978,0,0.0,0.9768570621180583,1.0089444552552707
2025-03-25 01:00:00,87095.1,87545.1,87708.425,-0.00603488317684997,0,-0.0,0.9768570621180583,1.0028555933358745
2025-03-25 02:00:00,86850.7,87290.75999999998,87695.135,-0.0028061280140904143,0,-0.0,0.9768570621180583,1.0000414521613274
2025-03-25 03:00:00,86528.4,87115.5,87675.95999999999,-0.0037109660601469807,0,-0.0,0.9768570621180583,0.9963303322736167
2025-03-25 04:00:00,86518.8,86923.37999999999,87629.4,-0.00011094623268192993,1,-0.00011094623268192993,0.9767486835071476,0.9962197931767441
2025-03-25 05:00:00,86740.1,86746.62000000001,87608.43,0.002557825582416795,0,0.0,0.9767486835071476,0.9987679496494416
2025-03-25 06:00:00,86578.4,86643.28,87547.11,-0.0018641896885063236,0,-0.0,0.9767486835071476,0.9969060567364945
2025-03-25 07:00:00,86472.7,86567.68,87486.445,-0.0012208587823290262,1,-0.0012208587823290262,0.9755562112987596,0.9956889752219708
2025-03-25 08:00:00,86699.8,86601.95999999999,87458.235,0.0026262623926396333,1,0.0026262623926396333,0.9781182778883996,0.9983039157323621
2025-03-25 09:00:00,87255.0,86749.2,87435.98500000002,0.006403705660220638,0,0.0,0.9781182778883996,1.0046967601681578
2025-03-25 10:00:00,87136.0,86828.37999999999,87394.76000000001,-0.001363818692338592,1,-0.001363818692338592,0.9767843018976973,1.0033265359465084
2025-03-25 11:00:00,87420.0,86996.7,87349.725,0.0032592728608151766,0,0.0,0.9767843018976973,1.0065966508956545
2025-03-25 12:00:00,87045.3,87111.22,87302.06499999999,-0.0042862045298558415,1,-0.0042862045298558415,0.9725976045982113,1.0022821717708479
2025-03-25 13:00:00,87652.9,87301.84,87263.77,0.006980273489780586,1,0.006980273489780586,0.9793866018738123,1.0092783754437396
2025-03-25 14:00:00,88032.8,87457.4,87241.15,0.0043341406844497055,0,0.0,0.9793866018738123,1.0136527299126856
2025-03-25 15:00:00,87858.8,87601.96,87219.295,-0.0019765360183930936,0,-0.0,0.9793866018738123,1.0116492087818707
2025-03-25 16:00:00,87819.1,87681.78,87216.715,-0.0004518613957850137,1,-0.0004518613957850137,0.9789440548768765,1.0111920835583457
2025-03-25 17:00:00,87983.8,87869.48,87209.785,0.00187544622980651,0,0.0,0.9789440548768765,1.0130885199390653
2025-03-25 18:00:00,87769.2,87892.74,87228.01,-0.0024390853770808185,1,-0.0024390853770808185,0.9765563267476461,1.0106175105443935
2025-03-25 19:00:00,88207.6,87927.7,87264.42000000001,0.004994918490769162,0,0.0,0.9765563267476461,1.0156654626349069
2025-03-25 20:00:00,87853.4,87926.62,87275.89499999999,-0.004015527006743347,0,-0.0,0.9765563267476461,1.01158703053988
2025-03-25 21:00:00,87800.0,87922.8,87311.14,-0.0006078307726279375,0,-0.0,0.9765563267476461,1.0109721568135266
2025-03-25 22:00:00,87510.6,87828.16,87344.13500000001,-0.0032961275626423037,0,-0.0,0.9765563267476461,1.0076398636223896
2025-03-25 23:00:00,87491.6,87772.64,87392.295,-0.00021711655502310023,1,-0.00021711655502310023,0.9763443002021966,1.007421088326496
2025-03-26 00:00:00,87673.0,87665.72,87450.00499999999,0.002073341897965042,1,0.002073341897965042,0.9783685957466453,1.009509816677817
2025-03-26 01:00:00,87850.6,87665.16,87505.53,0.002025709169299672,0,0.0,0.9783685957466453,1.0115547899699593
2025-03-26 02:00:00,87342.2,87573.6,87543.72,-0.005787097640767458,0,-0.0,0.9783685957466453,1.005700823631417
2025-03-26 03:00:00,87152.5,87501.98000000001,87577.70999999999,-0.002171916896986814,1,-0.002171916896986814,0.9762436604620619,1.0035165250192584
2025-03-26 04:00:00,87306.5,87464.95999999999,87608.045,0.00176701758411979,1,0.00176701758411979,0.9779687001764839,1.0052897563649221
2025-03-26 05:00:00,87531.4,87436.64,87621.86499999999,0.0025759823151769723,1,0.0025759823151769723,0.9804879302529351,1.0078793649989468
2025-03-26 06:00:00,87919.7,87450.45999999999,87661.05,0.0044361223515219095,1,0.0044361223515219095,0.9848374946757277,1.0123504411776563
2025-03-26 07:00:00,88190.2,87620.06,87699.56,0.0030766710987413237,0,0.0,0.9848374946757277,1.0154651105218255
2025-03-26 08:00:00,87921.4,87773.84,87743.365,-0.0030479577095867683,1,-0.0030479577095867683,0.9818357516411407,1.0123700158093942
2025-03-26 09:00:00,87942.2,87900.98000000001,87757.82999999999,0.00023657494079953878,1,0.00023657494079953878,0.98206802937596,1.0126095171859515
2025-03-26 10:00:00,88247.1,88044.12,87768.545,0.003467049948716383,0,0.0,0.98206802937596,1.0161202849605808
2025-03-26 11:00:00,87953.0,88050.78,87773.255,-0.0033326874197566747,0,-0.0,0.98206802937596,1.0127338736699332
2025-03-26 12:00:00,87825.9,87977.92,87773.595,-0.001445089991245374,0,-0.0,0.98206802937596,1.0112703820852975
2025-03-26 13:00:00,86933.1,87780.26,87721.06,-0.010165566194026865,0,-0.0,0.98206802937596,1.0009902460761506
2025-03-26 14:00:00,86834.3,87558.68,87674.315,-0.0011365061179229308,0,-0.0,0.98206802937596,0.9998526145375038
2025-03-26 15:00:00,86742.6,87257.78,87601.06499999999,-0.0010560343090230129,0,-0.0,0.98206802937596,0.9987967358725859
2025-03-26 16:00:00,86512.0,86969.58,87533.995,-0.0026584400283137244,1,-0.0026584400283137244,0.9794572604161398,0.9961414946497931
2025-03-26 17:00:00,86514.8,86707.36,87469.735,3.2365452191651656e-05,0,0.0,0.9794572604161398,0.9961737352197143
2025-03-26 18:00:00,86229.1,86566.56000000001,87405.66,-0.0033023251513035756,1,-0.0033023251513035756,0.9762227740704407,0.9928840456388303
2025-03-26 19:00:00,86569.0,86513.5,87359.53,0.003941824743618927,1,0.003941824743618927,0.9800708731565558,0.9967978205374739
2025-03-26 20:00:00,87159.7,86596.92,87333.865,0.00682345874389223,1,0.00682345874389223,0.98675834632563,1.003599429341913
2025-03-26 21:00:00,87185.1,86731.54000000001,87300.59,0.0002914190847376208,0,0.0,0.98675834632563,1.0038918973690552
2025-03-26 22:00:00,86819.1,86792.4,87274.435,-0.004197965019252181,1,-0.004197965019252181,0.9826159693052998,0.9996775943007892
2025-03-26 23:00:00,86901.2,86926.82,87261.87,0.0009456444492053073,1,0.0009456444492053073,0.9835451746423739,1.0006229338688346
2025-03-27 00:00:00,87284.2,87069.86,87260.755,0.004407303926758255,1,0.004407303926758255,0.9878799571527194,1.005032983254479
2025-03-27 01:00:00,87383.0,87114.52,87253.335,0.0011319345311064932,1,0.0011319345311064932,0.9889981725888085,1.0061706147931258
2025-03-27 02:00:00,87578.0,87193.1,87236.25,0.002231555336850377,1,0.002231555336850377,0.9912051767389843,1.0084159401983495
2025-03-27 03:00:00,87648.9,87359.06,87209.185,0.0008095640457648212,0,0.0,0.9912051767389843,1.0092323174867102
2025-03-27 04:00:00,87499.9,87478.8,87188.11,-0.0016999642893407163,0,-0.0,0.9912051767389843,1.007516658587334
2025-03-27 05:00:00,87313.5,87484.66,87156.675,-0.0021302881489007053,1,-0.0021302881489007053,0.9890936240978483,1.0053703577897255
2025-03-27 06:00:00,87367.6,87481.57999999999,87112.7,0.0006196063609866798,1,0.0006196063609866798,0.9897064727989506,1.0059932916585594
2025-03-27 07:00:00,87385.4,87443.06,87084.31999999999,0.00020373685439434297,1,0.00020373685439434297,0.9899081124824924,1.0061982495673438
2025-03-27 08:00:00,87399.8,87393.24,87063.015,0.00016478725279056583,1,0.00016478725279056583,0.9900712367208635,1.0063640582126527
2025-03-27 09:00:00,87405.0,87374.26,87086.61,5.9496703653794114e-05,0,0.0,0.9900712367208635,1.006423933556792
2025-03-27 10:00:00,87193.1,87350.18000000001,87104.55,-0.0024243464332703857,0,-0.0,0.9900712367208635,1.0039840132831155
2025-03-27 11:00:00,86895.8,87255.82,87112.21,-0.0034096734718688237,0,-0.0,0.9900712367208635,1.0005607556268437
2025-03-27 12:00:00,86772.7,87133.28,87125.24500000001,-0.0014166392391807836,0,-0.0,0.9900712367208635,0.9991433219992383
2025-03-27 13:00:00,86425.8,86938.48000000001,87120.79500000001,-0.00399780115174464,1,-0.00399780115174464,0.9861131287903916,0.9951489456757917
2025-03-27 14:00:00,87298.8,86917.24,87174.28,0.01010115035093695,0,0.0,0.9861131287903916,1.0052010947976393
2025-03-27 15:00:00,86990.5,86876.72,87195.35500000001,-0.0035315491163682156,0,-0.0,0.9861131287903916,1.0016511777595343
2025-03-27 16:00:00,86821.0,86861.76,87178.42,-0.001948488628068623,1,-0.001948488628068623,0.9841916985729543,0.9996994718303783
2025-03-27 17:00:00,86888.9,86885.0,87163.61,0.0007820688543094256,1,0.0007820688543094256,0.9849614042470781,1.0004813056509665
2025-03-27 18:00:00,87237.9,87047.42,87184.55,0.004016623527286045,0,0.0,0.9849614042470781,1.004499862401854
2025-03-27 19:00:00,87037.8,86995.22,87191.37999999999,-0.002293727840766313,1,-0.002293727840766313,0.9827021708520763,1.0021958131014168
2025-03-27 20:00:00,87251.0,87047.31999999999,87189.72,0.002449510442589231,1,0.002449510442589231,0.9851093100815336,1.004650702211128
2025-03-27 21:00:00,87567.6,87196.64,87198.95,0.0036286117064561196,0,0.0,0.9851093100815336,1.0082961895100706
2025-03-27 22:00:00,87349.5,87288.76000000001,87187.525,-0.00249064722568626,0,-0.0,0.9851093100815336,1.0057848794029973
2025-03-27 23:00:00,87226.4,87286.45999999999,87166.4,-0.0014092811063601829,1,-0.0014092811063601829,0.9837210141431362,1.004367445775392
2025-03-28 00:00:00,87345.0,87347.9,87158.655,0.00135968009685139,0,0.0,0.9837210141431362,1.0057330642013382
2025-03-28 01:00:00,87260.1,87349.72,87155.98500000002,-0.0009720075562423824,0,-0.0,0.9837210141431362,1.0047554840633717
2025-03-28 02:00:00,86967.0,87229.6,87135.955,-0.00335892349424316,0,-0.0,0.9837210141431362,1.0013805872619816
2025-03-28 03:00:00,86793.5,87118.4,87106.36000000002,-0.001995009601343023,0,-0.0,0.9837210141431362,0.9993828233757954
2025-03-28 04:00:00,86254.7,86924.06000000001,87049.10500000001,-0.006207838144561495,0,-0.0,0.9837210141431362,0.9931788165638236
2025-03-28 05:00:00,86151.0,86685.26000000001,86986.405,-0.0012022533264853807,0,-0.0,0.9837210141431362,0.9919847640278149
2025-03-28 06:00:00,85752.0,86383.63999999998,86914.35,-0.00463140300170628,0,-0.0,0.9837210141431362,0.9873904828140495
2025-03-28 07:00:00,85201.4,86030.51999999999,86829.62999999999,-0.006420841496408314,1,-0.006420841496408314,0.9774046974346371,0.9810506050288385
2025-03-28 08:00:00,85247.8,85721.37999999999,86753.385,0.0005445919902724583,0,0.0,0.9774046974346371,0.9815848773303891
2025-03-28 09:00:00,85140.0,85498.43999999999,86689.095,-0.0012645487625487783,0,-0.0,0.9774046974346371,0.9803436153884244
2025-03-28 10:00:00,84949.5,85258.13999999998,86571.63,-0.0022374911909796014,1,-0.0022374911909796014,0.975217763034105,0.9781501051848597
2025-03-28 11:00:00,85101.1,85127.95999999999,86477.16,0.0017845896679793416,0,0.0,0.975217763034105,0.9798957017563055
2025-03-28 12:00:00,85033.1,85094.3,86387.765,-0.0007990496010039649,0,-0.0,0.975217763034105,0.9791127164867915
2025-03-28 13:00:00,85024.9,85049.72,86294.565,-9.643303607664855e-05,0,-0.0,0.975217763034105,0.9790182976748795
2025-03-28 14:00:00,84222.0,84866.12000000001,86143.77,-0.009443116075408375,0,-0.0,0.975217763034105,0.9697733142499869
2025-03-28 15:00:00,84020.6,84680.34,85992.91,-0.0023912991854858623,0,-0.0,0.975217763034105,0.967454296113515
2025-03-28 16:00:00,83805.5,84421.22,85820.635,-0.0025600864549885083,1,-0.0025600864549885083,0.9727211212482972,0.9649775294742143
2025-03-28 17:00:00,83998.4,84214.28,85642.175,0.002301758237824414,0,0.0,0.9727211212482972,0.967198674451997
2025-03-28 18:00:00,83880.8,83985.45999999999,85468.73999999999,-0.0014000266671745365,0,-0.0,0.9727211212482972,0.9658445705153084
2025-03-28 19:00:00,83850.2,83911.1,85299.93000000001,-0.0003648033876644252,0,-0.0,0.9727211212482972,0.965492227144027
2025-03-28 20:00:00,83759.3,83858.84,85120.64499999999,-0.0010840761262346232,1,-0.0010840761262346232,0.9716666175032678,0.9644455600705151
2025-03-28 21:00:00,84025.3,83902.8,84958.905,0.0031757667506773224,1,0.0031757667506773224,0.9747524040398777,0.9675084142130254
2025-03-28 22:00:00,84449.3,83992.98000000001,84833.01999999999,0.0050460992105949565,0,0.0,0.9747524040398777,0.9723905576582297
2025-03-28 23:00:00,84396.0,84096.01999999999,84713.14499999999,-0.0006311479195210135,1,-0.0006311479195210135,0.9741371910880199,0.9717768353808018
2025-03-29 00:00:00,84407.5,84207.48000000001,84620.785,0.0001362623821035136,0,0.0,0.9741371910880199,0.9719092520072639
2025-03-29 01:00:00,84230.0,84301.62,84524.735,-0.0021028937002043335,0,-0.0,0.9741371910880199,0.9698654301640475
2025-03-29 02:00:00,83834.3,84263.42000000001,84428.85,-0.004697851121927998,1,-0.004697851121927998,0.9695608395919553,0.9653091467648321
2025-03-29 03:00:00,84204.2,84214.4,84378.99,0.004412275166608248,0,0.0,0.9695608395919553,0.9695683563412024
2025-03-29 04:00:00,84003.5,84135.9,84316.775,-0.002383491559803441,1,-0.002383491559803441,0.9672498995140719,0.9672573983472107
2025-03-29 05:00:00,84004.5,84055.3,84260.0,1.190426589370297e-05,0,0.0,0.9672498995140719,0.9672689128364683
2025-03-29 06:00:00,83785.2,83966.34,84201.785,-0.002610574433512536,0,-0.0,0.9672498995140719,0.964743785342286
2025-03-29 07:00:00,83700.0,83939.48,84131.73,-0.0010168860371521093,1,-0.0010168860371521093,0.9662663165968193,0.9637627508575421
2025-03-29 08:00:00,83936.5,83885.93999999999,84076.9,0.002825567502986903,0,0.0,0.9662663165968193,0.9664859275669545
2025-03-29 09:00:00,83553.4,83795.92,84003.325,-0.004564164576793206,0,-0.0,0.9662663165968193,0.9620747267323843
2025-03-29 10:00:00,82891.6,83573.34,83936.805,-0.007920683060174571,0,-0.0,0.9662663165968193,0.954454437741733
2025-03-29 11:00:00,82269.5,83270.2,83849.25,-0.007504982410763028,1,-0.007504982410763028,0.9590145048866474,0.9472912739746066
2025-03-29 12:00:00,82454.1,83021.02,83781.68000000001,0.0022438449243036285,1,0.0022438449243036285,0.9611663847157709,0.9494168486915516
2025-03-29 13:00:00,82812.8,82796.28,83722.4,0.004350299136125502,0,0.0,0.9611663847157709,0.9535470959882375
2025-03-29 14:00:00,82522.9,82590.18000000001,83654.505,-0.0035006665636231338,0,-0.0,0.9611663847157709,0.9502090455524715
2025-03-29 15:00:00,82409.1,82493.68000000001,83582.45,-0.001379011159326593,0,-0.0,0.9611663847157709,0.9488986966749616
2025-03-29 16:00:00,82200.1,82479.8,83504.49,-0.002536127684927947,1,-0.002536127684927947,0.958728744037671,0.9464921684201322
2025-03-29 17:00:00,82313.2,82451.62,83418.88500000001,0.0013759107349016197,1,0.0013759107349016197,0.9600478692084512,0.9477944571551618
2025-03-29 18:00:00,82384.2,82365.9,83315.63,0.0008625591035216207,1,0.0008625591035216207,0.9608759672378535,0.9486119858924482
2025-03-29 19:00:00,82770.1,82415.34,83234.33499999999,0.004684150601693249,0,0.0,0.9608759672378535,0.9530554272969397
2025-03-29 20:00:00,82504.3,82434.38,83139.175,-0.003211304565295947,1,-0.003211304565295947,0.9577903018575794,0.949994876052281
2025-03-29 21:00:00,82509.1,82496.18000000001,83053.13,5.817878583291858e-05,0,0.0,0.9577903018575794,0.9500501456007172
2025-03-29 22:00:00,82387.3,82511.0,82980.78,-0.0014762008069413302,1,-0.0014762008069413302,0.9563764110410967,0.9486476808091467
2025-03-29 23:00:00,82636.6,82561.48000000001,82902.4,0.0030259518153890053,1,0.0030259518153890053,0.9592703599782817,0.9515182429810557
2025-03-30 00:00:00,82771.4,82561.74000000002,82840.79500000001,0.0016312384585037698,1,0.0016312384585037698,0.960835158681581,0.9530703961329743
2025-03-30 01:00:00,82913.9,82643.66,82786.265,0.0017216091548530876,1,0.0017216091548530876,0.9624893412870719,0.9547112108521763
2025-03-30 02:00:00,83330.9,82808.01999999999,82763.55,0.005029313540914071,0,0.0,0.9624893412870719,0.9595127528725775
2025-03-30 03:00:00,83092.4,82949.04,82733.17000000001,-0.002862083572840346,1,-0.002862083572840346,0.9597346163543402,0.9567665471846502
2025-03-30 04:00:00,83114.9,83044.7,82692.09,0.0002707828874843887,0,0.0,0.9597346163543402,0.9570256231929453
2025-03-30 05:00:00,82958.8,83082.18,82662.36,-0.0018781229358393325,1,-0.0018781229358393325,0.9579321167590462,0.9552282114198407
2025-03-30 06:00:00,83156.3,83130.66,82675.595,0.0023806998172586358,0,0.0,0.9579321167590462,0.9575023230482083
2025-03-30 07:00:00,83089.0,83082.28,82716.57,-0.000809319317959134,1,-0.000809319317959134,0.9571568437916597,0.9567273979211746
2025-03-30 08:00:00,83391.7,83142.14,82763.45,0.0036430815150019225,1,0.0036430815150019225,0.9606438441962346,0.9602128338194371
2025-03-30 09:00:00,83480.8,83215.32,82796.85,0.0010684516564598567,0,0.0,0.9606438441962346,0.9612387748122855
2025-03-30 10:00:00,83137.3,83251.01999999999,82827.57,-0.004114718593976052,0,-0.0,0.9606438441962346,0.9572835477523146
2025-03-30 11:00:00,83090.4,83237.84,82861.635,-0.0005641270524783248,0,-0.0,0.9606438441962346,0.9567435182061351
2025-03-30 12:00:00,83033.3,83226.7,82903.29500000001,-0.0006872033351625895,0,-0.0,0.9606438441962346,0.9560860408695286
2025-03-30 13:00:00,82697.2,83087.8,82922.495,-0.004047773604084259,1,-0.004047773604084259,0.956755375400771,0.9522160210300635
2025-03-30 14:00:00,82787.9,82949.22,82942.68,0.0010967723211909863,0,0.0,0.956755375400771,0.9532603852057239
2025-03-30 15:00:00,82734.5,82868.66,82940.9,-0.0006450217966634808,0,-0.0,0.956755375400771,0.9526455114793704
2025-03-30 16:00:00,82296.4,82709.86,82930.505,-0.005295251678562263,1,-0.005295251678562263,0.9516891148932066,0.9476010137356344
2025-03-30 17:00:00,82386.8,82580.56,82924.38999999998,0.0010984684627761698,1,0.0010984684627761698,0.9527345153722842,0.9486419235645177
2025-03-30 18:00:00,82714.7,82584.06,82940.76,0.003980006505896583,0,0.0,0.9527345153722842,0.9524175245920707
2025-03-30 19:00:00,82584.7,82543.42,82938.16500000001,-0.0015716674303358769,0,-0.0,0.9527345153722842,0.9509206409885883
2025-03-30 20:00:00,82537.8,82504.08,82926.485,-0.0005679018026341076,0,-0.0,0.9527345153722842,0.9503806114424089
2025-03-30 21:00:00,82202.4,82485.28,82890.91,-0.004063592681171624,1,-0.004063592681171624,0.9488629903685177,0.9465186517454242
2025-03-30 22:00:00,82418.2,82491.56,82845.275,0.002625227487275339,0,0.0,0.9488629903685177,0.949003478527205
2025-03-30 23:00:00,82348.6,82418.34,82808.08499999999,-0.0008444736720771839,0,-0.0,0.9488629903685177,0.9482020700748791
2025-03-31 00:00:00,81601.6,82221.72,82732.42,-0.009071192467145717,1,-0.009071192467145717,0.9402556715579334,0.9396007465994839
2025-03-31 01:00:00,81816.7,82077.5,82675.315,0.0026359777259268302,1,0.0026359777259268302,0.9427341645648365,0.9420775132387843
2025-03-31 02:00:00,81939.2,82024.86000000002,82614.45999999999,0.0014972493390714714,0,0.0,0.9427341645648365,0.9434880381728352
2025-03-31 03:00:00,81527.9,81846.8,82536.405,-0.005019575490119554,1,-0.005019575490119554,0.9380020392586885,0.9387521287412018
2025-03-31 04:00:00,81806.4,81738.36000000002,82457.14,0.003416008507516999,1,0.003416008507516999,0.9412062622048645,0.9419589139994314
2025-03-31 05:00:00,82165.3,81851.1,82391.36499999999,0.00438718731052834,0,0.0,0.9412062622048645,0.9460914641939688
2025-03-31 06:00:00,81981.4,81884.04,82333.56999999999,-0.0022381711014261008,0,-0.0,0.9412062622048645,0.943973949619504
2025-03-31 07:00:00,81884.0,81873.0,82273.25,-0.001188074368088321,1,-0.001188074368088321,0.9400880391696547,0.942852438365818
2025-03-31 08:00:00,81942.5,81955.92,82218.70999999999,0.000714425284548792,0,0.0,0.9400880391696547,0.943526035987385
2025-03-31 09:00:00,81419.8,81878.6,82154.84,-0.006378863227262999,1,-0.006378863227262999,0.9340913461462056,0.9375074124524599
2025-03-31 10:00:00,82133.0,81872.13999999998,82122.095,0.008759540062736493,1,0.008759540062736493,0.9422735567150288,0.9457195461909497
2025-03-31 11:00:00,82140.1,81903.88,82092.375,8.644515602740377e-05,1,8.644515602740377e-05,0.9423550116996595,0.9458012990646784
2025-03-31 12:00:00,82815.7,82090.22,82118.34,0.008224971725137697,0,0.0,0.9423550116996595,0.9535804880070838
2025-03-31 13:00:00,82500.7,82201.86000000002,82124.035,-0.003803626607032262,1,-0.003803626607032262,0.9387706451038885,0.9499534238909533
2025-03-31 14:00:00,83465.7,82611.04,82161.58499999999,0.01169687045079626,0,0.0,0.9387706451038885,0.9610649060244961
2025-03-31 15:00:00,83399.0,82864.23999999999,82202.3,-0.0007991306608582383,0,-0.0,0.9387706451038885,0.9602968895910171
2025-03-31 16:00:00,83289.4,83094.1,82239.87999999999,-0.0013141644384225826,0,-0.0,0.9387706451038885,0.9590349015683888
2025-03-31 17:00:00,82676.9,83066.34,82263.60500000001,-0.007353876963935413,1,-0.007353876963935413,0.9318670412824402,0.951982276898135
2025-03-31 18:00:00,83318.1,83229.82,82308.6,0.007755491558101513,0,0.0,0.9318670412824402,0.9593653674100807
2025-03-31 19:00:00,82395.1,83015.7,82310.925,-0.0110780250629815,1,-0.0110780250629815,0.9215437948437469,0.9487374938253554
2025-03-31 20:00:00,82421.8,82820.26000000001,82351.935,0.0003240483960817997,1,0.0003240483960817997,0.9218424196323852,0.9490449306885322
2025-03-31 21:00:00,82637.6,82689.9,82392.98,0.00261823934929839,0,0.0,0.9218424196323852,0.9515297574703131
2025-03-31 22:00:00,82388.5,82632.22,82415.44499999999,-0.0030143663417138145,1,-0.0030143663417138145,0.9190636488702814,0.9486614981962554
2025-03-31 23:00:00,82552.7,82479.14,82466.685,0.001992996595398644,1,0.001992996595398644,0.9208953395934345,0.9505521773323463
2025-04-01 00:00:00,82653.6,82530.84,82509.045,0.0012222495448364068,1,0.0012222495448364068,0.9220209035030945,0.951713989298434
2025-04-01 01:00:00,82657.6,82578.00000000001,82533.66,4.839474626638918e-05,1,4.839474626638918e-05,0.9220655244707718,0.9517600472554643
2025-04-01 02:00:00,83019.2,82654.31999999999,82585.55,0.004374673351270619,0,0.0,0.9220655244707718,0.9559236865709968
2025-04-01 03:00:00,82971.1,82770.84,82639.905,-0.0005793840461000288,1,-0.0005793840461000288,0.9215312944164347,0.9553698396377085
2025-04-01 04:00:00,83092.9,82878.88,82697.425,0.001467981019897202,0,0.0,0.9215312944164347,0.9567723044292789
2025-04-01 05:00:00,83013.2,82950.8,82777.095,-0.0009591673897528796,1,-0.0009591673897528796,0.9206473916501937,0.9558545996354516
2025-04-01 06:00:00,83448.0,83108.87999999999,82842.845,0.005237721229876646,1,0.005237721229876646,0.9254694860386705,0.9608610995646375
2025-04-01 07:00:00,83474.4,83199.92,82909.56,0.00031636468219731206,1,0.00031636468219731206,0.9257622718985045,0.961165082081037
2025-04-01 08:00:00,84124.1,83430.51999999999,82974.98000000001,0.007783224557469159,1,0.007783224557469159,0.9329676875475233,0.968646045751672
2025-04-01 09:00:00,84364.0,83684.73999999999,83068.14499999999,0.002851739275665288,0,0.0,0.9329676875475233,0.97140837172456
2025-04-01 10:00:00,84156.8,83913.46,83102.7,-0.0024560238964487224,0,-0.0,0.9329676875475233,0.9690225695503941
2025-04-01 11:00:00,83958.8,84015.62000000001,83130.69,-0.0023527510551731856,0,-0.0,0.9329676875475233,0.9667427006773978
2025-04-01 12:00:00,83641.4,84049.01999999999,83148.29000000001,-0.003780425637336493,0,-0.0,0.9329676875475233,0.963088001787049
2025-04-01 13:00:00,83591.0,83942.4,83193.995,-0.0006025724103134733,1,-0.0006025724103134733,0.9324055069592933,0.9625076715284682
2025-04-01 14:00:00,84166.9,83902.98000000001,83236.435,0.006889497673194356,1,0.006889497673194356,0.9388293125299629,0.9691388658918952
2025-04-01 15:00:00,85281.3,84127.87999999999,83380.745,0.013240359333657414,0,0.0,0.9388293125299629,0.9819706127205171
2025-04-01 16:00:00,85127.1,84361.54,83516.01,-0.0018081337878291803,1,-0.0018081337878291803,0.9371317835289731,0.9801950784770018
2025-04-01 17:00:00,85194.9,84672.24,83643.875,0.0007964561226680988,0,0.0,0.9371317835289731,0.980975760848664
2025-04-01 18:00:00,85116.1,84977.26000000001,83780.255,-0.0009249379951146164,0,-0.0,0.9371317835289731,0.9800684190951686
2025-04-01 19:00:00,84970.8,85138.04000000001,83901.16,-0.0017070800941303421,1,-0.0017070800941303421,0.9355320245157339,0.9783953638060454
2025-04-01 20:00:00,85214.1,85124.6,84029.185,0.002863336581508058,0,0.0,0.9355320245157339,0.9811968390424092
2025-04-01 21:00:00,85206.7,85140.52,84156.63999999998,-8.684008867088089e-05,0,-0.0,0.9355320245157339,0.9811116318219032
2025-04-01 22:00:00,85152.0,85131.94,84263.28,-0.0006419682959203366,1,-0.0006419682959203366,0.9349314426161767,0.9804817892595149
2025-04-01 23:00:00,85191.9,85147.1,84374.31999999999,0.0004685738444192289,0,0.0,0.9349314426161767,0.9809412173808912
2025-04-02 00:00:00,84983.1,85149.56,84468.83,-0.0024509372369907467,1,-0.0024509372369907467,0.9326399843294352,0.9785369920239134
2025-04-02 01:00:00,85134.5,85133.64,84574.89499999999,0.0017815306808057763,0,0.0,0.9326399843294352,0.9802802856975075
2025-04-02 02:00:00,84764.2,85045.14,84640.705,-0.004349588004862959,0,-0.0,0.9326399843294352,0.9760164703254339
2025-04-02 03:00:00,84601.2,84934.98000000001,84697.04500000001,-0.0019229816361152618,1,-0.0019229816361152618,0.9308465347664628,0.9741396085764521
2025-04-02 04:00:00,84603.9,84817.37999999999,84721.035,3.191444092998097e-05,0,0.0,0.9308465347664628,0.9741706976974476
2025-04-02 05:00:00,84154.6,84651.68000000001,84710.565,-0.005310629888220175,1,-0.005310629888220175,0.9259031533375859,0.9689972376740272
2025-04-02 06:00:00,84198.2,84464.42,84712.635,0.0005180940792302025,1,0.0005180940792302025,0.9263828582792707,0.9694992694056566
2025-04-02 07:00:00,84417.5,84395.07999999999,84735.56999999999,0.0026045687437499243,1,0.0026045687437499243,0.9287956861166906,0.9720243968998389
2025-04-02 08:00:00,84613.7,84397.57999999999,84784.185,0.0023241626440015928,1,0.0023241626440015928,0.9309543583542729,0.9742835396921716
2025-04-02 09:00:00,85006.5,84478.1,84854.95999999999,0.004642274241641653,0,0.0,0.9309543583542729,0.9788064310725401
2025-04-02 10:00:00,84858.8,84618.94,84889.55500000001,-0.0017375141900912716,0,-0.0,0.9309543583542729,0.9771057410091989
2025-04-02 11:00:00,84564.0,84692.1,84853.69,-0.0034740062315281595,1,-0.0034740062315281595,0.9277202171120819,0.973711269576071
2025-04-02 12:00:00,84994.0,84807.4,84847.035,0.005084906106617382,1,0.005084906106617382,0.9324375873093075,0.9786624999568205
2025-04-02 13:00:00,85277.6,84940.18000000001,84851.17000000001,0.0033367061204321313,1,0.0033367061204321313,0.9355488575138035,0.9819280091102639
2025-04-02 14:00:00,85864.0,85111.68000000001,84888.565,0.006876366126626454,1,0.006876366126626454,0.9419820339874154,0.9886801056108955
2025-04-02 15:00:00,86700.3,85479.98000000001,84975.04,0.009739821112456859,1,0.009739821112456859,0.9511567704896011,0.9983096729769906
2025-04-02 16:00:00,87089.7,85985.12000000001,85068.82,0.004491333940020992,0,0.0,0.9511567704896011,1.0027934150938833
2025-04-02 17:00:00,86616.1,86309.54000000001,85139.29000000001,-0.005438071321866911,0,-0.0,0.9511567704896011,0.9973401529815042
2025-04-02 18:00:00,86304.9,86515.0,85196.935,-0.003592865529618794,1,-0.003592865529618794,0.9477393921156455,0.9937568439245522
2025-04-02 19:00:00,86934.3,86729.06,85284.05500000001,0.007292749310873425,0,0.0,0.9477393921156455,1.0010040634632587
2025-04-02 20:00:00,85578.3,86504.66,85313.81499999999,-0.01559798606533902,0,-0.0,0.9477393921156455,0.985390416030011
2025-04-02 21:00:00,84874.2,86061.56,85300.8,-0.008227553012854938,0,-0.0,0.9477393921156455,0.9772830641437649
2025-04-02 22:00:00,82788.1,85295.96,85201.995,-0.024578729460778326,0,-0.0,0.9477393921156455,0.9532626881035748
2025-04-02 23:00:00,82503.1,84535.6,85097.09,-0.0034425237443546086,1,-0.0034425237443546086,0.9444767767548272,0.949981058665171
2025-04-03 00:00:00,83234.2,83795.58,85028.60500000001,0.008861485204798347,1,0.008861485204798347,0.9528462437383157,0.9583993017613711
2025-04-03 01:00:00,83778.9,83435.7,85009.81999999999,0.006544184962431254,0,0.0,0.9528462437383157,0.9646712440599625
2025-04-03 02:00:00,83745.8,83210.01999999999,84987.2,-0.00039508754590944495,0,-0.0,0.9528462437383157,0.9642901144655375
2025-04-03 03:00:00,83549.8,83362.36000000002,84943.815,-0.0023404158775723882,1,-0.0023404158775723882,0.9506161872605854,0.9620332745710563
2025-04-03 04:00:00,83580.2,83577.78,84892.14,0.00036385485063994416,0,0.0,0.9506161872605854,0.9623833150444859
2025-04-03 05:00:00,83408.0,83612.54,84812.215,-0.0020602965774190185,0,-0.0,0.9506161872605854,0.9604005199943346
2025-04-03 06:00:00,83032.9,83463.34,84720.92,-0.00449717053520049,1,-0.00449717053520049,0.9463411041529525,0.9560814350738249
2025-04-03 07:00:00,83451.3,83404.44,84665.285,0.005038966481960783,1,0.005038966481960783,0.951109685257281,0.9608990973791869
2025-04-03 08:00:00,83608.8,83416.23999999999,84596.025,0.0018873282980613748,0,0.0,0.951109685257281,0.9627126294372522
2025-04-03 09:00:00,83467.6,83393.72,84505.525,-0.0016888174450535587,0,-0.0,0.951109685257281,0.9610867835540852
2025-04-03 10:00:00,83222.4,83356.6,84373.44499999999,-0.0029376668312016685,0,-0.0,0.951109685257281,0.958263430788132
2025-04-03 11:00:00,83082.0,83366.42,84192.53,-0.0016870457953627183,0,-0.0,0.951109685257281,0.9566467964963711
2025-04-03 12:00:00,82044.8,83085.12000000001,83940.285,-0.012484051900531923,1,-0.012484051900531923,0.9392359825834306,0.9447039682384328
2025-04-03 13:00:00,82273.0,82817.96,83723.13,0.0027814072311711513,0,0.0,0.9392359825834306,0.9473315746870072
2025-04-03 14:00:00,81528.1,82430.06,83484.29000000001,-0.0090540031359011,1,-0.0090540031359011,0.930732137051769,0.9387544316390529
2025-04-03 15:00:00,82068.3,82199.24000000002,83240.98999999999,0.0066259363336076404,0,0.0,0.930732137051769,0.9449745587359853
2025-04-03 16:00:00,81834.8,81949.80000000002,83053.815,-0.002845191139575154,0,-0.0,0.930732137051769,0.9422859254943458
2025-04-03 17:00:00,81829.1,81906.66,82901.56000000001,-6.965251946600137e-05,1,-6.965251946600137e-05,0.9306673092134754,0.9422202929055777
2025-04-03 18:00:00,82030.0,81858.06,82863.655,0.002455116822744019,0,0.0,0.9306673092134754,0.944533553797421
2025-04-03 19:00:00,82003.5,81953.14,82838.675,-0.00032305254175302167,1,-0.00032305254175302167,0.9303666547737075,0.9442284198320957
2025-04-03 20:00:00,82330.0,82005.48000000001,82793.465,0.0039815373734048976,1,0.0039815373734048976,0.9340709443806587,0.9479879005746883
2025-04-03 21:00:00,82802.3,82198.98000000001,82744.63500000001,0.0057366695007894375,0,0.0,0.9340709443806587,0.9534261938510326
2025-04-03 22:00:00,82728.2,82378.8,82693.755,-0.0008949026778242164,1,-0.0008949026778242164,0.9332350417912547,0.9525729701970476
2025-04-03 23:00:00,83147.5,82602.3,82673.64,0.0050684047277711475,0,0.0,0.9332350417912547,0.9574009955427413
2025-04-04 00:00:00,83010.3,82803.66,82645.145,-0.00165007967768116,0,-0.0,0.9332350417912547,0.9558212076166045
2025-04-04 01:00:00,82727.8,82883.22,82611.135,-0.0034031921339882087,1,-0.0034031921339882087,0.9300590636378686,0.9525683644013445
2025-04-04 02:00:00,82901.8,82903.12000000001,82604.57999999999,0.0021032832977547766,0,0.0,0.9300590636378686,0.9545718855321594
2025-04-04 03:00:00,82807.0,82918.88,82572.365,-0.0011435216123172331,0,-0.0,0.9300590636378686,0.953480311950543
2025-04-04 04:00:00,82716.3,82832.64,82527.74,-0.0010953180286690234,1,-0.0010953180286690234,0.929040353177739,0.9524359477748826
2025-04-04 05:00:00,83199.9,82870.56000000001,82514.355,0.005846489748695172,0,0.0,0.929040353177739,0.9580043547798373
2025-04-04 06:00:00,83077.4,82940.48,82507.10500000001,-0.0014723575388913002,1,-0.0014723575388913002,0.9276724736098035,0.9565938298457864
2025-04-04 07:00:00,83988.7,83157.86,82552.44,0.010969288880008365,1,0.010969288880008365,0.9378483809588614,0.9670869839061984
2025-04-04 08:00:00,84385.2,83473.5,82669.45999999999,0.004720873165080519,1,0.004720873165080519,0.9422758442134442,0.9716524788968198
2025-04-04 09:00:00,84566.3,83843.5,82784.125,0.0021461109294047542,0,0.0,0.9422758442134442,0.9737377529013636
2025-04-04 10:00:00,82515.4,83706.6,82833.48999999999,-0.024251977442551143,1,-0.024251977442551143,0.919423791694919,0.9501226868830392
2025-04-04 11:00:00,82689.6,83629.04000000001,82864.55500000001,0.0021111210755810905,1,0.0021111210755810905,0.9213648066389568,0.9521285109117058
2025-04-04 12:00:00,82872.1,83405.72,82916.42000000001,0.002207049012209472,1,0.002207049012209472,0.9233983039253338,0.95422990520121
2025-04-04 13:00:00,83388.0,83206.28,82994.365,0.0062252555443869095,0,0.0,0.9233983039253338,0.9601702302091836
2025-04-04 14:00:00,82577.0,82808.42,83021.715,-0.009725619993284362,1,-0.009725619993284362,0.9144176829189128,0.9508319794213047
2025-04-04 15:00:00,82886.9,82882.72,83065.885,0.0037528609661285905,1,0.0037528609661285905,0.917849365347877,0.9544003196422217
2025-04-04 16:00:00,83386.3,83022.06,83118.7,0.0060250775454264716,1,0.0060250775454264716,0.9233794789491184,0.9601506555774459
2025-04-04 17:00:00,84314.4,83310.51999999999,83194.305,0.011130125692109916,0,0.0,0.9233794789491184,0.9708372530573847
2025-04-04 18:00:00,84001.1,83433.13999999998,83257.95,-0.0037158539940981283,0,-0.0,0.9233794789491184,0.9672297635729922
2025-04-04 19:00:00,83900.1,83697.76,83295.57999999999,-0.0012023652071222468,1,-0.0012023652071222468,0.9222692395906593,0.966066800157979
2025-04-04 20:00:00,84255.3,83971.44,83357.82999999999,0.004233606396178313,1,0.004233606396178313,0.9261737645423889,0.9701567467422633
2025-04-04 21:00:00,84262.0,84146.58,83434.54000000001,7.952022009294346e-05,0,0.0,0.9261737645423889,0.9702338938202889
2025-04-04 22:00:00,84058.5,84095.4,83492.375,-0.0024150862785122795,0,-0.0,0.9261737645423889,0.9678906952563759
2025-04-04 23:00:00,83875.4,84070.26000000001,83545.79500000001,-0.0021782449127691894,0,-0.0,0.9261737645423889,0.9657823922733171
2025-04-05 00:00:00,83799.1,84050.06,83599.935,-0.0009096826959988924,1,-0.0009096826959988924,0.9253312402952965,0.9649038367429656
2025-04-05 01:00:00,83994.0,83997.8,83639.64,0.002325800635090358,0,0.0,0.9253312402952965,0.9671480106992636
2025-04-05 02:00:00,83944.5,83934.3,83682.995,-0.0005893278091292364,0,-0.0,0.9253312402952965,0.9665780434810145
2025-04-05 03:00:00,83681.4,83858.88,83667.63,-0.0031342136768937046,0,-0.0,0.9253312402952965,0.9635485813573511
2025-04-05 04:00:00,83623.2,83808.43999999999,83629.53,-0.0006954950562489959,1,-0.0006954950562489959,0.9246876769922783,0.9628784380825613
2025-04-05 05:00:00,83700.0,83788.62,83586.215,0.0009184054185920054,0,0.0,0.9246876769922783,0.9637627508575418
2025-04-05 06:00:00,83470.9,83684.0,83633.99,-0.0027371565113500917,1,-0.0027371565113500917,0.9221566620962337,0.9611247813686354
2025-04-05 07:00:00,83480.2,83591.13999999998,83673.51999999999,0.00011141607434450584,1,0.00011141607434450584,0.9222594051714551,0.9612318661187308
2025-04-05 08:00:00,83541.7,83563.19999999998,83707.0,0.0007367016370349866,1,0.0007367016370349866,0.9229388351850158,0.9619400072080706
2025-04-05 09:00:00,83857.2,83610.0,83730.45999999999,0.003776557096635491,0,0.0,0.9229388351850158,0.9655728285688299
2025-04-05 10:00:00,83660.7,83602.14,83784.64499999999,-0.0023432692720481985,0,-0.0,0.9229388351850158,0.9633102314297198
2025-04-05 11:00:00,83480.4,83604.04,83814.31999999999,-0.002155133772488216,0,-0.0,0.9229388351850158,0.9612341690165822
2025-04-05 12:00:00,83250.5,83558.1,83807.53,-0.0027539398469580423,0,-0.0,0.9229388351850158,0.9585869879362698
2025-04-05 13:00:00,82699.1,83389.58,83726.765,-0.006623383643341363,1,-0.006623383643341363,0.9168258572002469,0.9522378985596529
2025-04-05 14:00:00,82991.9,83216.51999999999,83676.305,0.003540546390468524,0,0.0,0.9168258572002469,0.9556093410142656
2025-04-05 15:00:00,82617.1,83007.8,83612.155,-0.004516103378763292,1,-0.004516103378763292,0.9126853768488074,0.9512937104405333
2025-04-05 16:00:00,82754.2,82862.56000000001,83537.1,0.0016594627504473713,1,0.0016594627504473713,0.914199944234566,0.9528723469177443
2025-04-05 17:00:00,82860.3,82784.52,83467.015,0.0012821101527173973,1,0.0012821101527173973,0.9153720492646827,0.9540940342279711
2025-04-05 18:00:00,83081.9,82861.07999999999,83418.185,0.002674380855487879,0,0.0,0.9153720492646827,0.9566456450474456
2025-04-05 19:00:00,82815.0,82825.7,83365.165,-0.0032124927330741126,1,-0.0032124927330741126,0.9124314232083608,0.9535724278646037
2025-04-05 20:00:00,83039.0,82910.07999999999,83327.16,0.0027048240053131334,0,0.0,0.9124314232083608,0.9561516734582967
2025-04-05 21:00:00,82935.6,82946.36,83274.24,-0.0012451980394753148,1,-0.0012451980394753148,0.911295265389026,0.9549610752690654
2025-04-05 22:00:00,83177.6,83009.81999999999,83235.895,0.0029179266804604254,1,0.0029179266804604254,0.913954358157682,0.9577475816693941
2025-04-05 23:00:00,83569.6,83107.36000000002,83230.305,0.004712807294271482,0,0.0,0.913954358157682,0.9622612614583566
2025-04-06 00:00:00,83538.8,83252.12000000001,83226.08499999999,-0.0003685550726579834,0,-0.0,0.913954358157682,0.9619066151892238
2025-04-06 01:00:00,83456.6,83335.64000000001,83213.91500000001,-0.0009839739139178016,0,-0.0,0.913954358157682,0.9609601241722526
2025-04-06 02:00:00,83310.4,83410.6,83205.89,-0.0017518087245348424,1,-0.0017518087245348424,0.9123532849392347,0.9592767058427976
2025-04-06 03:00:00,83328.5,83440.78,83198.30500000001,0.00021725978989417527,1,0.00021725978989417527,0.9125515026222298,0.9594851180983593
2025-04-06 04:00:00,83493.7,83425.6,83195.905,0.0019825149858692104,0,0.0,0.9125515026222298,0.9613873117237078
2025-04-06 05:00:00,83471.8,83412.2,83176.635,-0.00026229523904186536,0,-0.0,0.9125515026222298,0.9611351444089674
2025-04-06 06:00:00,83201.6,83361.2,83153.68000000001,-0.003237021365299353,0,-0.0,0.9125515026222298,0.9580239294115755
2025-04-06 07:00:00,83024.6,83304.04000000001,83130.89,-0.0021273629353281143,0,-0.0,0.9125515026222298,0.955985864812988
2025-04-06 08:00:00,83007.0,83239.74,83118.715,-0.00021198536337430074,1,-0.00021198536337430074,0.9123580550603487,0.9557832098020549
2025-04-06 09:00:00,83071.8,83155.36,83137.35,0.0007806570530195511,0,0.0,0.9123580550603487,0.9565293487059445
2025-04-06 10:00:00,82846.8,83030.36000000002,83130.095,-0.0027085003575220146,0,-0.0,0.9123580550603487,0.9539385886229942
2025-04-06 11:00:00,82761.0,82942.24000000002,83137.29000000001,-0.0010356465186344144,0,-0.0,0.9123580550603487,0.9529506454446958
2025-04-06 12:00:00,82700.8,82877.48000000001,83134.62000000001,-0.0007273957540386844,0,-0.0,0.9123580550603487,0.9522574731913909
2025-04-06 13:00:00,82302.6,82736.6,83106.735,-0.004814947376567069,1,-0.004814947376567069,0.907965099036646,0.9476724035690316
2025-04-06 14:00:00,82599.4,82642.12000000001,83082.61000000002,0.0036062044212452626,1,0.0036062044212452626,0.9112394067911284,0.9510899039806744
2025-04-06 15:00:00,82692.4,82611.24,83076.48000000001,0.0011259161688825792,0,0.0,0.9112394067911284,0.9521607514816273
2025-04-06 16:00:00,81988.8,82456.8,83023.97,-0.008508641664771943,0,-0.0,0.9112394067911284,0.9440591568400102
2025-04-06 17:00:00,80766.1,82069.86,82915.495,-0.014913012509025547,0,-0.0,0.9112394067911284,0.929980390824795
2025-04-06 18:00:00,79092.9,81427.92,82711.26,-0.020716612539171897,1,-0.020716612539171897,0.8923616130702117,0.9107143473990501
2025-04-06 19:00:00,79650.5,80838.13999999998,82515.30500000001,0.007049937478585289,0,0.0,0.8923616130702117,0.917134826609064
2025-04-06 20:00:00,78858.8,80071.42000000001,82281.30500000001,-0.009939673950571493,1,-0.009939673950571493,0.8834918295902877,0.9080188054638559
2025-04-06 21:00:00,78942.5,79462.16,82055.6,0.0010613907388903332,0,0.0,0.8834918295902877,0.9089825682147136
2025-04-06 22:00:00,78029.3,78914.8,81791.545,-0.01156791335465679,1,-0.01156791335465679,0.8732716726560401,0.8984675366247123
2025-04-06 23:00:00,78423.2,78780.86,81546.28,0.005048103725139086,0,0.0,0.8732716726560401,0.9030030939432641
2025-04-07 00:00:00,78317.4,78514.24,81287.465,-0.0013490905752380211,1,-0.0013490905752380211,0.8720935500728375,0.9017848609798145
2025-04-07 01:00:00,79201.5,78582.78,81073.95,0.011288679144098257,0,0.0,0.8720935500728375,0.9119648209324208
2025-04-07 02:00:00,78430.8,78480.43999999999,80835.41,-0.009730876309160807,0,-0.0,0.8720935500728375,0.9030906040616214
2025-04-07 03:00:00,77647.6,78404.1,80566.56000000001,-0.009985872896872139,0,-0.0,0.8720935500728375,0.8940724560751027
2025-04-07 04:00:00,76980.9,78115.63999999998,80265.255,-0.008586228035380561,0,-0.0,0.8720935500728375,0.886395746087089
2025-04-07 05:00:00,76875.4,77827.24,79955.435,-0.0013704698178379493,0,-0.0,0.8720935500728375,0.8851809674704167
2025-04-07 06:00:00,74805.9,76948.12,79553.39,-0.026920185130744012,1,-0.026920185130744012,0.8486166302535489,0.8613517319519021
2025-04-07 07:00:00,75140.0,76289.95999999999,79172.34,0.004466225257633516,1,0.004466225257633516,0.8524067432816352,0.865198722812852
2025-04-07 08:00:00,76261.4,76012.72,78850.37,0.014924141602342234,1,0.014924141602342234,0.8651281822211617,0.8781110710662767
2025-04-07 09:00:00,76301.6,75876.85999999999,78550.32,0.0005271343038550924,1,0.0005271343038550924,0.8655842209632423,0.8785739535344307
2025-04-07 10:00:00,77006.5,75903.08,78270.675,0.009238338383467548,0,0.0,0.8655842209632423,0.8866905170120827
2025-04-07 11:00:00,76724.1,76286.72,77972.26,-0.0036672228967683518,1,-0.0036672228967683518,0.8624099306890445,0.8834388252457486
2025-04-07 12:00:00,77250.0,76708.72,77735.31999999999,0.006854430354999108,1,0.006854430354999108,0.8683212594964121,0.8894942951462977
2025-04-07 13:00:00,78498.0,77156.04000000001,77621.915,0.016155339805825175,1,0.016155339805825175,0.8823492845041988,0.9038643777397292
2025-04-07 14:00:00,79053.1,77706.34,77619.925,0.007071517745675049,0,0.0,0.8823492845041988,0.9102560707265992
2025-04-07 15:00:00,78556.3,78016.3,77565.215,-0.006284383534611582,0,-0.0,0.8823492845041988,0.9045356724634447
2025-04-07 16:00:00,77455.5,78162.58,77495.05,-0.014012879934518385,1,-0.014012879934518385,0.8699850299201333,0.8918605226887256
2025-04-07 17:00:00,79091.2,78530.81999999999,77502.485,0.021117932232055825,0,0.0,0.8699850299201333,0.910694772767312
2025-04-07 18:00:00,78526.9,78536.6,77527.36499999999,-0.0071348013432595,0,-0.0,0.8699850299201333,0.9041971464792724
2025-04-07 19:00:00,78124.7,78350.92000000001,77512.43999999999,-0.005121811761319983,1,-0.005121811761319983,0.865529130361716,0.8995660188998829
2025-04-07 20:00:00,78926.6,78424.98,77542.9,0.010264359415140367,1,0.010264359415140367,0.8744132324400226,0.9087994878355182
2025-04-07 21:00:00,79317.3,78797.34,77548.69,0.004950168891096229,1,0.004950168891096229,0.87874172562121,0.9132981987884458
2025-04-07 22:00:00,79955.0,78970.1,77624.9,0.0080398601566114,0,0.0,0.87874172562121,0.9206409885879899
2025-04-07 23:00:00,79256.0,79115.92,77705.31999999999,-0.008742417609905573,0,-0.0,0.87874172562121,0.9125923605969574
2025-04-08 00:00:00,79024.2,79295.81999999999,77807.485,-0.0029246997072777114,1,-0.0029246997072777114,0.8761716699535129,0.9099233019870556
2025-04-08 01:00:00,80602.8,79631.06000000001,77993.85500000001,0.019976159201864796,0,0.0,0.8761716699535129,0.9281000747290356
2025-04-08 02:00:00,79950.2,79757.63999999998,78251.06999999999,-0.008096492925804166,0,-0.0,0.8761716699535129,0.9205857190395536
2025-04-08 03:00:00,79914.3,79749.5,78489.785,-0.0004490295208766648,1,-0.0004490295208766648,0.875778243008348,0.9201723488752073
2025-04-08 04:00:00,80333.7,79965.04,78693.4,0.005248122050746762,0,0.0,0.875778243008348,0.9250015256698267
2025-04-08 05:00:00,79887.5,80137.7,78872.69499999999,-0.005554331494752485,0,-0.0,0.875778243008348,0.9198637605631047
2025-04-08 06:00:00,79483.0,79913.73999999999,78996.51999999999,-0.005063370364575159,1,-0.005063370364575159,0.8713438534067598,0.9152061496584228
2025-04-08 07:00:00,79544.4,79832.58,79137.535,0.0007724922310430316,0,0.0,0.8713438534067598,0.9159131392988368
2025-04-08 08:00:00,79160.4,79681.79999999999,79233.05500000001,-0.0048274925701872196,0,-0.0,0.8713438534067598,0.9114915754239348
2025-04-08 09:00:00,79014.4,79417.94,79258.875,-0.001844356521695234,0,-0.0,0.8713438534067598,0.9098104599923313
2025-04-08 10:00:00,79007.6,79241.95999999999,79256.6,-8.606026243307419e-05,1,-8.606026243307419e-05,0.8712688653260662,0.90973216146538
2025-04-08 11:00:00,79999.3,79345.22,79328.75,0.012551957026918803,0,0.0,0.8712688653260662,0.9211510804620995
2025-04-08 12:00:00,79822.4,79400.81999999999,79447.095,-0.002211269348606937,1,-0.002211269348606937,0.8693422551897751,0.9191141673124374
2025-04-08 13:00:00,79957.1,79560.16,79490.39,0.0016874962416566497,0,0.0,0.8693422551897751,0.9206651690154306
2025-04-08 14:00:00,78524.6,79462.2,79490.275,-0.017915857378519195,0,-0.0,0.8693422551897751,0.9041706631539799
2025-04-08 15:00:00,78494.9,79359.66,79508.785,-0.0003782254223518855,0,-0.0,0.8693422551897751,0.9038286828230303
2025-04-08 16:00:00,77433.9,78846.57999999999,79434.15,-0.01351680172851999,0,-0.0,0.8693422551897751,0.891611809720762
2025-04-08 17:00:00,77365.5,78355.2,79336.56,-0.0008833340436165127,0,-0.0,0.8693422551897751,0.8908242186555452
2025-04-08 18:00:00,77255.3,77814.84,79201.575,-0.0014244075201478301,0,-0.0,0.8693422551897751,0.8895553219393624
2025-04-08 19:00:00,76844.2,77478.76,79080.985,-0.00532131776072331,1,-0.00532131776072331,0.8647162088070866,0.8848217154055805
2025-04-08 20:00:00,77089.0,77197.58,78984.225,0.0031856665825138464,1,0.0031856665825138464,0.8674709063368413,0.8876404623758306
2025-04-08 21:00:00,77089.7,77128.74,78808.56999999999,9.080413547968291e-06,0,0.0,0.8674709063368413,0.887648522518311
2025-04-08 22:00:00,76809.1,77017.45999999999,78651.515,-0.003639915578864561,0,-0.0,0.8674709063368413,0.8844175568326405
2025-04-08 23:00:00,76327.4,76831.88,78472.17,-0.006271392322003688,1,-0.006271392322003688,0.8620306559552788,0.878871027357275
2025-04-09 00:00:00,76475.2,76758.08,78279.245,0.0019363950560349341,0,0.0,0.8620306559552788,0.8805728688695419
